PlateNumber,MasterOfCar,CardID,BeginTime,CancelTime,AuthorityList,PlateType,PlateColor,VehicleType,VehicleColor,DepartMent,TelephoneNumber,CreateTime,RecNo
007ACK05,37/1,157,2025-01-01 00:00:00,2037-01-01 23:59:59,"{""OpenGate"":true}",,,,,,,1779204613,3092
01720ALX,74/3,376,2025-01-01 00:00:00,2037-01-01 23:59:59,"{""OpenGate"":true}",,,,,,,1779204614,3307
0206HP5,400_1,597,2026-05-20 00:00:00,2034-05-31 23:59:59,"{""OpenGate"":true}",,,,, , ,1779285392,3715
069CLA09,5/4,577,2025-01-01 00:00:00,2037-01-01 23:59:59,"{""OpenGate"":true}",,,,,,,1779204614,3508
4437OK5,0/0,490,2025-01-01 00:00:00,2037-01-01 23:59:59,"{""OpenGate"":true}",,,,,,,1779204614,3421
888TTM02,81/3,377,2025-01-01 00:00:00,2037-01-01 23:59:59,"{""OpenGate"":true}",,,,,,,1779204614,3308
A007ET193,34/2,629,2025-01-01 00:00:00,2037-01-01 23:59:59,"{""OpenGate"":true}",,,,,,,1779204614,3560
A011EO193,13/1,160,2025-01-01 00:00:00,2037-01-01 23:59:59,"{""OpenGate"":true}",,,,,,,1779204613,3095
A023BP123,41/1,166,2025-01-01 00:00:00,2037-01-01 23:59:59,"{""OpenGate"":true}",,,,,,,1779204613,3101
A027BH323,50/2,589,2025-01-01 00:00:00,2037-01-01 23:59:59,"{""OpenGate"":true}",,,,,,,1779204614,3520
A038MX193,26/2,134,2025-01-01 00:00:00,2037-01-01 23:59:59,"{""OpenGate"":true}",,,,,,,1779204613,3069
A044yM186,52/1,453,2025-01-01 00:00:00,2037-01-01 23:59:59,"{""OpenGate"":true}",,,,,,,1779204614,3384
A046OH193,26/1,331,2025-01-01 00:00:00,2037-01-01 23:59:59,"{""OpenGate"":true}",,,,,,,1779204614,3262
A048Ty01,18/1,362,2025-01-01 00:00:00,2037-01-01 23:59:59,"{""OpenGate"":true}",,,,,,,1779204614,3293
A073HX193,114/4,16,2025-01-01 00:00:00,2037-01-01 23:59:59,"{""OpenGate"":true}",,,,,,,1779204613,2951
A076PB26,21/1,173,2025-01-01 00:00:00,2037-01-01 23:59:59,"{""OpenGate"":true}",,,,,,,1779204613,3108
A087CO123,96/1,525,2025-01-01 00:00:00,2037-01-01 23:59:59,"{""OpenGate"":true}",,,,,,,1779204614,3456
A088AH193,3/2,619,2025-01-01 00:00:00,2037-01-01 23:59:59,"{""OpenGate"":true}",,,,,,,1779204614,3550
A088BC323,3/2,273,2025-01-01 00:00:00,2037-01-01 23:59:59,"{""OpenGate"":true}",,,,,,,1779204614,3208
A099TK34,63/1,400,2025-01-01 00:00:00,2037-01-01 23:59:59,"{""OpenGate"":true}",,,,,,,1779204614,3331
A119Ay134,78/1,284,2025-01-01 00:00:00,2037-01-01 23:59:59,"{""OpenGate"":true}",,,,,,,1779204614,3219
A140yE193,94/4,417,2025-01-01 00:00:00,2037-01-01 23:59:59,"{""OpenGate"":true}",,,,,,,1779204614,3348
A157TX123,48/4,213,2025-01-01 00:00:00,2037-01-01 23:59:59,"{""OpenGate"":true}",,,,,,,1779204613,3148
A163EH323,100/4,651,2025-01-01 00:00:00,2037-01-01 23:59:59,"{""OpenGate"":true}",,,,,,,1779204614,3582
A168OH193,39/1,129,2025-01-01 00:00:00,2037-01-01 23:59:59,"{""OpenGate"":true}",,,,,,,1779204613,3064
A173ET193,72/1,483,2025-01-01 00:00:00,2037-01-01 23:59:59,"{""OpenGate"":true}",,,,,,,1779204614,3414
A183MK193,111/3,502,2025-01-01 00:00:00,2037-01-01 23:59:59,"{""OpenGate"":true}",,,,,,,1779204614,3433
A196PC193,96/2,647,2025-01-01 00:00:00,2037-01-01 23:59:59,"{""OpenGate"":true}",,,,,,,1779204614,3578
A198PK93,80/1,301,2025-01-01 00:00:00,2037-01-01 23:59:59,"{""OpenGate"":true}",,,,,,,1779204614,3232
A199TH123,15/4,2,2025-01-01 00:00:00,2037-01-01 23:59:59,"{""OpenGate"":true}",,,,,,,1779204613,2937
A203XP193,34/2,706,2025-01-01 00:00:00,2037-01-01 23:59:59,"{""OpenGate"":true}",,,,,,,1779204614,3635
A241MC193,115/1,98,2025-01-01 00:00:00,2037-01-01 23:59:59,"{""OpenGate"":true}",,,,,,,1779204613,3033
A244PC193,17/3,143,2025-01-01 00:00:00,2037-01-01 23:59:59,"{""OpenGate"":true}",,,,,,,1779204613,3078
A309OC93,6/2,429,2025-01-01 00:00:00,2037-01-01 23:59:59,"{""OpenGate"":true}",,,,,,,1779204614,3360
A316HA193,78/2,14,2025-01-01 00:00:00,2037-01-01 23:59:59,"{""OpenGate"":true}",,,,,,,1779204613,2949
A330Hy09,9/1,604,2025-01-01 00:00:00,2037-01-01 23:59:59,"{""OpenGate"":true}",,,,,,,1779204614,3535
A343AT123,45/2,541,2025-01-01 00:00:00,2037-01-01 23:59:59,"{""OpenGate"":true}",,,,,,,1779204614,3472
A343BA193,64/3,270,2025-01-01 00:00:00,2037-01-01 23:59:59,"{""OpenGate"":true}",,,,,,,1779204614,3205
A372OT193,93/2,627,2025-01-01 00:00:00,2037-01-01 23:59:59,"{""OpenGate"":true}",,,,,,,1779204614,3558
A377XE196,23/1,102,2025-01-01 00:00:00,2037-01-01 23:59:59,"{""OpenGate"":true}",,,,,,,1779204613,3037
A381CO123,55/2,255,2025-01-01 00:00:00,2037-01-01 23:59:59,"{""OpenGate"":true}",,,,,,,1779204614,3190
A401CA123,115/1,99,2025-01-01 00:00:00,2037-01-01 23:59:59,"{""OpenGate"":true}",,,,,,,1779204613,3034
A405PO193,19/1,53,2025-01-01 00:00:00,2037-01-01 23:59:59,"{""OpenGate"":true}",,,,,,,1779204613,2988
A411EP193,28/1,149,2025-01-01 00:00:00,2037-01-01 23:59:59,"{""OpenGate"":true}",,,,,,,1779204613,3084
A427Oy193,38/2,637,2025-01-01 00:00:00,2037-01-01 23:59:59,"{""OpenGate"":true}",,,,,,,1779204614,3568
A428XM193,35/2,463,2025-01-01 00:00:00,2037-01-01 23:59:59,"{""OpenGate"":true}",,,,,,,1779204614,3394
A433EC193,67/3,306,2025-01-01 00:00:00,2037-01-01 23:59:59,"{""OpenGate"":true}",,,,,,,1779204614,3237
A472yM123,69/1,150,2025-01-01 00:00:00,2037-01-01 23:59:59,"{""OpenGate"":true}",,,,,,,1779204613,3085
A483KB193,82/1,92,2025-01-01 00:00:00,2037-01-01 23:59:59,"{""OpenGate"":true}",,,,,,,1779204613,3027
A485XO161,14/2,258,2025-01-01 00:00:00,2037-01-01 23:59:59,"{""OpenGate"":true}",,,,,,,1779204614,3193
A505YA193,17/1,591,2025-01-01 00:00:00,2037-01-01 23:59:59,"{""OpenGate"":true}",,,,,,,1779204614,3522
A505yA193,17/1,592,2025-01-01 00:00:00,2037-01-01 23:59:59,"{""OpenGate"":true}",,,,,,,1779204614,3523
A532BP550,20/1,736,2025-01-01 00:00:00,2037-01-01 23:59:59,"{""OpenGate"":true}",,,,,,,1779204614,3665
A539XP193,60/1,715,2025-01-01 00:00:00,2037-01-01 23:59:59,"{""OpenGate"":true}",,,,,,,1779204614,3644
A545KT193,70/3,366,2025-01-01 00:00:00,2037-01-01 23:59:59,"{""OpenGate"":true}",,,,,,,1779204614,3297
A556OE123,62/2,516,2025-01-01 00:00:00,2037-01-01 23:59:59,"{""OpenGate"":true}",,,,,,,1779204614,3447
A597HC761,117/1,625,2025-01-01 00:00:00,2037-01-01 23:59:59,"{""OpenGate"":true}",,,,,,,1779204614,3556
A600CO123,105/3,145,2025-01-01 00:00:00,2037-01-01 23:59:59,"{""OpenGate"":true}",,,,,,,1779204613,3080
A669KO123,95/4,422,2025-01-01 00:00:00,2037-01-01 23:59:59,"{""OpenGate"":true}",,,,,,,1779204614,3353
A678OA01,64/2,176,2025-01-01 00:00:00,2037-01-01 23:59:59,"{""OpenGate"":true}",,,,,,,1779204613,3111
A679CA193,101/1,433,2025-01-01 00:00:00,2037-01-01 23:59:59,"{""OpenGate"":true}",,,,,,,1779204614,3364
A687KK15,92/3,5,2025-01-01 00:00:00,2037-01-01 23:59:59,"{""OpenGate"":true}",,,,,,,1779204613,2940
A689BT123,42/2,493,2025-01-01 00:00:00,2037-01-01 23:59:59,"{""OpenGate"":true}",,,,,,,1779204614,3424
A713EC193,3/2,272,2025-01-01 00:00:00,2037-01-01 23:59:59,"{""OpenGate"":true}",,,,,,,1779204614,3207
A722AX193,74/1,128,2025-01-01 00:00:00,2037-01-01 23:59:59,"{""OpenGate"":true}",,,,,,,1779204613,3063
A724TO193,16/3,523,2025-01-01 00:00:00,2037-01-01 23:59:59,"{""OpenGate"":true}",,,,,,,1779204614,3454
A745OP186,96/4,615,2025-01-01 00:00:00,2037-01-01 23:59:59,"{""OpenGate"":true}",,,,,,,1779204614,3546
A754AX193,71/4,36,2025-01-01 00:00:00,2037-01-01 23:59:59,"{""OpenGate"":true}",,,,,,,1779204613,2971
A779PE93,92/2,172,2025-01-01 00:00:00,2037-01-01 23:59:59,"{""OpenGate"":true}",,,,,,,1779204613,3107
A800TK193,77/1,7,2025-01-01 00:00:00,2037-01-01 23:59:59,"{""OpenGate"":true}",,,,,,,1779204613,2942
A808yC09,23/2,509,2025-01-01 00:00:00,2037-01-01 23:59:59,"{""OpenGate"":true}",,,,,,,1779204614,3440
A818MC193,114/4,15,2025-01-01 00:00:00,2037-01-01 23:59:59,"{""OpenGate"":true}",,,,,,,1779204613,2950
A825XB123,91/2,383,2025-01-01 00:00:00,2037-01-01 23:59:59,"{""OpenGate"":true}",,,,,,,1779204614,3314
A833yB123,72/4,390,2025-01-01 00:00:00,2037-01-01 23:59:59,"{""OpenGate"":true}",,,,,,,1779204614,3321
A850TM123,102/2,112,2025-01-01 00:00:00,2037-01-01 23:59:59,"{""OpenGate"":true}",,,,,,,1779204613,3047
A886AE193,41/2,396,2025-01-01 00:00:00,2037-01-01 23:59:59,"{""OpenGate"":true}",,,,,,,1779204614,3327
A894TH123,47/1,412,2025-01-01 00:00:00,2037-01-01 23:59:59,"{""OpenGate"":true}",,,,,,,1779204614,3343
A905OT193,71/2,714,2025-01-01 00:00:00,2037-01-01 23:59:59,"{""OpenGate"":true}",,,,,,,1779204614,3643
A929AE193,95/2,552,2025-01-01 00:00:00,2037-01-01 23:59:59,"{""OpenGate"":true}",,,,,,,1779204614,3483
A949ET193,80/1,609,2025-01-01 00:00:00,2037-01-01 23:59:59,"{""OpenGate"":true}",,,,,,,1779204614,3540
A951OH193,106/4,73,2025-01-01 00:00:00,2037-01-01 23:59:59,"{""OpenGate"":true}",,,,,,,1779204613,3008
A955XB123,91/2,382,2025-01-01 00:00:00,2037-01-01 23:59:59,"{""OpenGate"":true}",,,,,,,1779204614,3313
A976PB193,81/3,378,2025-01-01 00:00:00,2037-01-01 23:59:59,"{""OpenGate"":true}",,,,,,,1779204614,3309
B001Hy190,19/2,512,2025-01-01 00:00:00,2037-01-01 23:59:59,"{""OpenGate"":true}",,,,,,,1779204614,3443
B008EX193,34/2,628,2025-01-01 00:00:00,2037-01-01 23:59:59,"{""OpenGate"":true}",,,,,,,1779204614,3559
B047MC27,33/1,110,2025-01-01 00:00:00,2037-01-01 23:59:59,"{""OpenGate"":true}",,,,,,,1779204613,3045
B066CA92,94/1,700,2025-01-01 00:00:00,2037-01-01 23:59:59,"{""OpenGate"":true}",,,,,,,1779204614,3629
B077KB123,67/2,572,2025-01-01 00:00:00,2037-01-01 23:59:59,"{""OpenGate"":true}",,,,,,,1779204614,3503
B085TO93,110/2,12,2025-01-01 00:00:00,2037-01-01 23:59:59,"{""OpenGate"":true}",,,,,,,1779204613,2947
B087OB193,25/1,499,2025-01-01 00:00:00,2037-01-01 23:59:59,"{""OpenGate"":true}",,,,,,,1779204614,3430
B114EC01,70/1,184,2025-01-01 00:00:00,2037-01-01 23:59:59,"{""OpenGate"":true}",,,,,,,1779204613,3119
B127KB193,99/2,252,2025-01-01 00:00:00,2037-01-01 23:59:59,"{""OpenGate"":true}",,,,,,,1779204614,3187
B146PA72,12/2,351,2025-01-01 00:00:00,2037-01-01 23:59:59,"{""OpenGate"":true}",,,,,,,1779204614,3282
B151PK01,8/2,680,2025-01-01 00:00:00,2037-01-01 23:59:59,"{""OpenGate"":true}",,,,,,,1779204614,3609
B155KP92,54/1,297,2025-01-01 00:00:00,2037-01-01 23:59:59,"{""OpenGate"":true}",,,,,,,1779204614,3228
B172HO193,97/2,154,2025-01-01 00:00:00,2037-01-01 23:59:59,"{""OpenGate"":true}",,,,,,,1779204613,3089
B183KB193,16/4,549,2025-01-01 00:00:00,2037-01-01 23:59:59,"{""OpenGate"":true}",,,,,,,1779204614,3480
B224HO14,28/1,147,2025-01-01 00:00:00,2037-01-01 23:59:59,"{""OpenGate"":true}",,,,,,,1779204613,3082
B241KO92,94/1,580,2025-01-01 00:00:00,2037-01-01 23:59:59,"{""OpenGate"":true}",,,,,,,1779204614,3511
B264HM172,12/1,667,2025-01-01 00:00:00,2037-01-01 23:59:59,"{""OpenGate"":true}",,,,,,,1779204614,3597
B269TH65,85/2,193,2025-01-01 00:00:00,2037-01-01 23:59:59,"{""OpenGate"":true}",,,,,,,1779204613,3128
B272OO123,48/1,296,2025-01-01 00:00:00,2037-01-01 23:59:59,"{""OpenGate"":true}",,,,,,,1779204614,3227
B313CE92,113/1,729,2025-01-01 00:00:00,2037-01-01 23:59:59,"{""OpenGate"":true}",,,,,,,1779204614,3658
B354Ty123,97/3,587,2025-01-01 00:00:00,2037-01-01 23:59:59,"{""OpenGate"":true}",,,,,,,1779204614,3518
B361CA193,66/1,33,2025-01-01 00:00:00,2037-01-01 23:59:59,"{""OpenGate"":true}",,,,,,,1779204613,2968
B363yA193,117/1,730,2025-01-01 00:00:00,2037-01-01 23:59:59,"{""OpenGate"":true}",,,,,,,1779204614,3659
B365TB797,96/1,638,2025-01-01 00:00:00,2037-01-01 23:59:59,"{""OpenGate"":true}",,,,,,,1779204614,3569
B403ET193,30/3,469,2025-01-01 00:00:00,2037-01-01 23:59:59,"{""OpenGate"":true}",,,,,,,1779204614,3400
B411BM41,101/2,586,2025-01-01 00:00:00,2037-01-01 23:59:59,"{""OpenGate"":true}",,,,,,,1779204614,3517
B418EP323,lil_DiDiDi,10668,2026-05-19 00:00:00,2026-05-21 23:59:59,"{""OpenGate"":true}",,,,, , ,1779227019,3667
B425XH193,73/2,537,2025-01-01 00:00:00,2037-01-01 23:59:59,"{""OpenGate"":true}",,,,,,,1779204614,3468
B431ET193,70/2,391,2025-01-01 00:00:00,2037-01-01 23:59:59,"{""OpenGate"":true}",,,,,,,1779204614,3322
B433AA41,65/2,307,2025-01-01 00:00:00,2037-01-01 23:59:59,"{""OpenGate"":true}",,,,,,,1779204614,3238
B435BC138,27/2,343,2025-01-01 00:00:00,2037-01-01 23:59:59,"{""OpenGate"":true}",,,,,,,1779204614,3274
B451yK93,116/1,43,2025-01-01 00:00:00,2037-01-01 23:59:59,"{""OpenGate"":true}",,,,,,,1779204613,2978
B470OB193,99/2,251,2025-01-01 00:00:00,2037-01-01 23:59:59,"{""OpenGate"":true}",,,,,,,1779204614,3186
B474TC123,14/1,489,2025-01-01 00:00:00,2037-01-01 23:59:59,"{""OpenGate"":true}",,,,,,,1779204614,3420
B519HP193,66/2,253,2025-01-01 00:00:00,2037-01-01 23:59:59,"{""OpenGate"":true}",,,,,,,1779204614,3188
B530KB193,52/2,310,2025-01-01 00:00:00,2037-01-01 23:59:59,"{""OpenGate"":true}",,,,,,,1779204614,3241
B533XT82,63/1,401,2025-01-01 00:00:00,2037-01-01 23:59:59,"{""OpenGate"":true}",,,,,,,1779204614,3332
B536By550,94/1,581,2025-01-01 00:00:00,2037-01-01 23:59:59,"{""OpenGate"":true}",,,,,,,1779204614,3512
B544BK82,40/2,725,2025-01-01 00:00:00,2037-01-01 23:59:59,"{""OpenGate"":true}",,,,,,,1779204614,3654
B554PM93,90/2,355,2025-01-01 00:00:00,2037-01-01 23:59:59,"{""OpenGate"":true}",,,,,,,1779204614,3286
B557OT193,36/4,677,2025-01-01 00:00:00,2037-01-01 23:59:59,"{""OpenGate"":true}",,,,,,,1779204614,3606
B576BM01,70/1,183,2025-01-01 00:00:00,2037-01-01 23:59:59,"{""OpenGate"":true}",,,,,,,1779204613,3118
B612EP123,99/3,305,2025-01-01 00:00:00,2037-01-01 23:59:59,"{""OpenGate"":true}",,,,,,,1779204614,3236
B689CA123,105/2,460,2025-01-01 00:00:00,2037-01-01 23:59:59,"{""OpenGate"":true}",,,,,,,1779204614,3391
B691Py193,117/1,673,2025-01-01 00:00:00,2037-01-01 23:59:59,"{""OpenGate"":true}",,,,,,,1779204614,3602
B708BA193,18/1,379,2025-01-01 00:00:00,2037-01-01 23:59:59,"{""OpenGate"":true}",,,,,,,1779204614,3310
B757Xy123,25/1,500,2025-01-01 00:00:00,2037-01-01 23:59:59,"{""OpenGate"":true}",,,,,,,1779204614,3431
B760XO164,1/1,693,2025-01-01 00:00:00,2037-01-01 23:59:59,"{""OpenGate"":true}",,,,,,,1779204614,3622
B831ME193,92/4,473,2025-01-01 00:00:00,2037-01-01 23:59:59,"{""OpenGate"":true}",,,,,,,1779204614,3404
B836KE193,53/1,214,2025-01-01 00:00:00,2037-01-01 23:59:59,"{""OpenGate"":true}",,,,,,,1779204613,3149
B869HK92,113/1,568,2025-01-01 00:00:00,2037-01-01 23:59:59,"{""OpenGate"":true}",,,,,,,1779204614,3499
B882AM774,5/3,486,2025-01-01 00:00:00,2037-01-01 23:59:59,"{""OpenGate"":true}",,,,,,,1779204614,3417
B891KC124,49/1,230,2025-01-01 00:00:00,2037-01-01 23:59:59,"{""OpenGate"":true}",,,,,,,1779204613,3165
B900ME193,35/2,461,2025-01-01 00:00:00,2037-01-01 23:59:59,"{""OpenGate"":true}",,,,,,,1779204614,3392
B905AO193,117/1,624,2025-01-01 00:00:00,2037-01-01 23:59:59,"{""OpenGate"":true}",,,,,,,1779204614,3555
B957HB92,113/1,97,2025-01-01 00:00:00,2037-01-01 23:59:59,"{""OpenGate"":true}",,,,,,,1779204613,3032
B957HE193,20/4,505,2025-01-01 00:00:00,2037-01-01 23:59:59,"{""OpenGate"":true}",,,,,,,1779204614,3436
B999AK193,15/3,346,2025-01-01 00:00:00,2037-01-01 23:59:59,"{""OpenGate"":true}",,,,,,,1779204614,3277
B999HO123,11/2,375,2025-01-01 00:00:00,2037-01-01 23:59:59,"{""OpenGate"":true}",,,,,,,1779204614,3306
C003BX193,31/1,126,2025-01-01 00:00:00,2037-01-01 23:59:59,"{""OpenGate"":true}",,,,,,,1779204613,3061
C009AH161,25/2,681,2025-01-01 00:00:00,2037-01-01 23:59:59,"{""OpenGate"":true}",,,,,,,1779204614,3610
C023AO186,33/2,262,2025-01-01 00:00:00,2037-01-01 23:59:59,"{""OpenGate"":true}",,,,,,,1779204614,3197
C051KA01,9/2,209,2025-01-01 00:00:00,2037-01-01 23:59:59,"{""OpenGate"":true}",,,,,,,1779204613,3144
C058AT93,90/2,357,2025-01-01 00:00:00,2037-01-01 23:59:59,"{""OpenGate"":true}",,,,,,,1779204614,3288
C070EK93,7/3,85,2025-01-01 00:00:00,2037-01-01 23:59:59,"{""OpenGate"":true}",,,,,,,1779204613,3020
C074BB193,41/2,398,2025-01-01 00:00:00,2037-01-01 23:59:59,"{""OpenGate"":true}",,,,,,,1779204614,3329
C089HM193,66/2,254,2025-01-01 00:00:00,2037-01-01 23:59:59,"{""OpenGate"":true}",,,,,,,1779204614,3189
C188BP193,32/1,181,2025-01-01 00:00:00,2037-01-01 23:59:59,"{""OpenGate"":true}",,,,,,,1779204613,3116
C202BX193,98/1,37,2025-01-01 00:00:00,2037-01-01 23:59:59,"{""OpenGate"":true}",,,,,,,1779204613,2972
C249KK193,76/2,685,2025-01-01 00:00:00,2037-01-01 23:59:59,"{""OpenGate"":true}",,,,,,,1779204614,3614
C260EB193,15/1,170,2025-01-01 00:00:00,2037-01-01 23:59:59,"{""OpenGate"":true}",,,,,,,1779204613,3105
C294EA323,70/4,684,2025-01-01 00:00:00,2037-01-01 23:59:59,"{""OpenGate"":true}",,,,,,,1779204614,3613
C344yP86,93/3,733,2025-01-01 00:00:00,2037-01-01 23:59:59,"{""OpenGate"":true}",,,,,,,1779204614,3662
C369BX193,95/3,336,2025-01-01 00:00:00,2037-01-01 23:59:59,"{""OpenGate"":true}",,,,,,,1779204614,3267
C396CP123,111/4,79,2025-01-01 00:00:00,2037-01-01 23:59:59,"{""OpenGate"":true}",,,,,,,1779204613,3014
C406TK193,43/1,245,2025-01-01 00:00:00,2037-01-01 23:59:59,"{""OpenGate"":true}",,,,,,,1779204614,3180
C415TB42,44/2,100,2025-01-01 00:00:00,2037-01-01 23:59:59,"{""OpenGate"":true}",,,,,,,1779204613,3035
C426BX323,71/1,578,2025-01-01 00:00:00,2037-01-01 23:59:59,"{""OpenGate"":true}",,,,,,,1779204614,3509
C426Ky193,19/4,82,2025-01-01 00:00:00,2037-01-01 23:59:59,"{""OpenGate"":true}",,,,,,,1779204613,3017
C430KM193,79/4,576,2025-01-01 00:00:00,2037-01-01 23:59:59,"{""OpenGate"":true}",,,,,,,1779204614,3507
C437XO123,113/4,103,2025-01-01 00:00:00,2037-01-01 23:59:59,"{""OpenGate"":true}",,,,,,,1779204613,3038
C478BX193,106/1,316,2025-01-01 00:00:00,2037-01-01 23:59:59,"{""OpenGate"":true}",,,,,,,1779204614,3247
C496CX89,67/1,17,2025-01-01 00:00:00,2037-01-01 23:59:59,"{""OpenGate"":true}",,,,,,,1779204613,2952
C515Ey193,69/3,201,2025-01-01 00:00:00,2037-01-01 23:59:59,"{""OpenGate"":true}",,,,,,,1779204613,3136
C523BE123,8/2,491,2025-01-01 00:00:00,2037-01-01 23:59:59,"{""OpenGate"":true}",,,,,,,1779204614,3422
C525CO93,9/1,58,2025-01-01 00:00:00,2037-01-01 23:59:59,"{""OpenGate"":true}",,,,,,,1779204613,2993
C525HO123,75/4,411,2025-01-01 00:00:00,2037-01-01 23:59:59,"{""OpenGate"":true}",,,,,,,1779204614,3342
C537TP123,79/1,136,2025-01-01 00:00:00,2037-01-01 23:59:59,"{""OpenGate"":true}",,,,,,,1779204613,3071
C558Hy22,20/2,44,2025-01-01 00:00:00,2037-01-01 23:59:59,"{""OpenGate"":true}",,,,,,,1779204613,2979
C592MT51,74_2,5277,2026-05-20 00:00:00,2037-01-01 23:59:59,"{""OpenGate"":true}",,,,, , ,1779279890,3714
C647TP797,3/1,133,2025-01-01 00:00:00,2037-01-01 23:59:59,"{""OpenGate"":true}",,,,,,,1779204613,3068
C649PM193,8/2,492,2025-01-01 00:00:00,2037-01-01 23:59:59,"{""OpenGate"":true}",,,,,,,1779204614,3423
C664yy193,81/3,613,2025-01-01 00:00:00,2037-01-01 23:59:59,"{""OpenGate"":true}",,,,,,,1779204614,3544
C737OO23,38/1,115,2025-01-01 00:00:00,2037-01-01 23:59:59,"{""OpenGate"":true}",,,,,,,1779204613,3050
C740Ey323,18/1,717,2025-01-01 00:00:00,2037-01-01 23:59:59,"{""OpenGate"":true}",,,,,,,1779204614,3646
C756CP123,79/4,575,2025-01-01 00:00:00,2037-01-01 23:59:59,"{""OpenGate"":true}",,,,,,,1779204614,3506
C813BB193,32/2,11,2025-01-01 00:00:00,2037-01-01 23:59:59,"{""OpenGate"":true}",,,,,,,1779204613,2946
C834XM89,72/3,313,2025-01-01 00:00:00,2037-01-01 23:59:59,"{""OpenGate"":true}",,,,,,,1779204614,3244
C835CB123,70/4,546,2025-01-01 00:00:00,2037-01-01 23:59:59,"{""OpenGate"":true}",,,,,,,1779204614,3477
C867OX193,105/3,649,2025-01-01 00:00:00,2037-01-01 23:59:59,"{""OpenGate"":true}",,,,,,,1779204614,3580
C886AH138,106/2,497,2025-01-01 00:00:00,2037-01-01 23:59:59,"{""OpenGate"":true}",,,,,,,1779204614,3428
C888KA23,12/2,352,2025-01-01 00:00:00,2037-01-01 23:59:59,"{""OpenGate"":true}",,,,,,,1779204614,3283
C897KK193,87/2,686,2025-01-01 00:00:00,2037-01-01 23:59:59,"{""OpenGate"":true}",,,,,,,1779204614,3615
C951Xy123,2/2,607,2025-01-01 00:00:00,2037-01-01 23:59:59,"{""OpenGate"":true}",,,,,,,1779204614,3538
C976BT193,95/1,538,2025-01-01 00:00:00,2037-01-01 23:59:59,"{""OpenGate"":true}",,,,,,,1779204614,3469
E003PB123,103_2,5268,2026-05-20 00:00:00,2037-01-01 23:59:59,"{""OpenGate"":true}",,,,, , ,1779267462,3707
E023HX23,79/1,135,2025-01-01 00:00:00,2037-01-01 23:59:59,"{""OpenGate"":true}",,,,,,,1779204613,3070
E078TT193,90/3,565,2025-01-01 00:00:00,2037-01-01 23:59:59,"{""OpenGate"":true}",,,,,,,1779204614,3496
E088AO123,10/1,663,2025-01-01 00:00:00,2037-01-01 23:59:59,"{""OpenGate"":true}",,,,,,,1779204614,3593
E088MB23,60/1,457,2025-01-01 00:00:00,2037-01-01 23:59:59,"{""OpenGate"":true}",,,,,,,1779204614,3388
E102yB123,112/1,8,2025-01-01 00:00:00,2037-01-01 23:59:59,"{""OpenGate"":true}",,,,,,,1779204613,2943
E130yB123,70/4,545,2025-01-01 00:00:00,2037-01-01 23:59:59,"{""OpenGate"":true}",,,,,,,1779204614,3476
E131HM138,68/3,282,2025-01-01 00:00:00,2037-01-01 23:59:59,"{""OpenGate"":true}",,,,,,,1779204614,3217
E169PX123,15/1,22,2025-01-01 00:00:00,2037-01-01 23:59:59,"{""OpenGate"":true}",,,,,,,1779204613,2957
E172AB123,117/1,646,2025-01-01 00:00:00,2037-01-01 23:59:59,"{""OpenGate"":true}",,,,,,,1779204614,3577
E244CO193,47/2,724,2025-01-01 00:00:00,2037-01-01 23:59:59,"{""OpenGate"":true}",,,,,,,1779204614,3653
E265yM174,81/2,19,2025-01-01 00:00:00,2037-01-01 23:59:59,"{""OpenGate"":true}",,,,,,,1779204613,2954
E300HH750,20/1,31,2025-01-01 00:00:00,2037-01-01 23:59:59,"{""OpenGate"":true}",,,,,,,1779204613,2966
E397BE323,108/2,227,2025-01-01 00:00:00,2037-01-01 23:59:59,"{""OpenGate"":true}",,,,,,,1779204613,3162
E423BT41,73/4,524,2025-01-01 00:00:00,2037-01-01 23:59:59,"{""OpenGate"":true}",,,,,,,1779204614,3455
E438EB323,89/2,690,2025-01-01 00:00:00,2037-01-01 23:59:59,"{""OpenGate"":true}",,,,,,,1779204614,3619
E500EB23,67/4,394,2025-01-01 00:00:00,2037-01-01 23:59:59,"{""OpenGate"":true}",,,,,,,1779204614,3325
E529Xy123,80/2,223,2025-01-01 00:00:00,2037-01-01 23:59:59,"{""OpenGate"":true}",,,,,,,1779204613,3158
E544OT193,48/1,639,2025-01-01 00:00:00,2037-01-01 23:59:59,"{""OpenGate"":true}",,,,,,,1779204614,3570
E552TA123,104/2,478,2025-01-01 00:00:00,2037-01-01 23:59:59,"{""OpenGate"":true}",,,,,,,1779204614,3409
E555CH186,33/2,264,2025-01-01 00:00:00,2037-01-01 23:59:59,"{""OpenGate"":true}",,,,,,,1779204614,3199
E555OB193,60/2,603,2025-01-01 00:00:00,2037-01-01 23:59:59,"{""OpenGate"":true}",,,,,,,1779204614,3534
E555OK186,33/2,263,2025-01-01 00:00:00,2037-01-01 23:59:59,"{""OpenGate"":true}",,,,,,,1779204614,3198
E577HE164,84/1,554,2025-01-01 00:00:00,2037-01-01 23:59:59,"{""OpenGate"":true}",,,,,,,1779204614,3485
E587XM123,115/2,699,2025-01-01 00:00:00,2037-01-01 23:59:59,"{""OpenGate"":true}",,,,,,,1779204614,3628
E592OX193,113/3,658,2025-01-01 00:00:00,2037-01-01 23:59:59,"{""OpenGate"":true}",,,,,,,1779204614,3588
E653CB123,10/2,65,2025-01-01 00:00:00,2037-01-01 23:59:59,"{""OpenGate"":true}",,,,,,,1779204613,3000
E663Ty123,5/2,220,2025-01-01 00:00:00,2037-01-01 23:59:59,"{""OpenGate"":true}",,,,,,,1779204613,3155
E710MM193,108/3,387,2025-01-01 00:00:00,2037-01-01 23:59:59,"{""OpenGate"":true}",,,,,,,1779204614,3318
E710PB73,16/2,237,2025-01-01 00:00:00,2037-01-01 23:59:59,"{""OpenGate"":true}",,,,,,,1779204614,3172
E722TM193,10/1,661,2025-01-01 00:00:00,2037-01-01 23:59:59,"{""OpenGate"":true}",,,,,,,1779204614,3591
E725CB123,41/2,395,2025-01-01 00:00:00,2037-01-01 23:59:59,"{""OpenGate"":true}",,,,,,,1779204614,3326
E756OK193,115/2,447,2025-01-01 00:00:00,2037-01-01 23:59:59,"{""OpenGate"":true}",,,,,,,1779204614,3378
E819BK41,65/2,308,2025-01-01 00:00:00,2037-01-01 23:59:59,"{""OpenGate"":true}",,,,,,,1779204614,3239
E834PP193,30/2,533,2025-01-01 00:00:00,2037-01-01 23:59:59,"{""OpenGate"":true}",,,,,,,1779204614,3464
E851ET134,99/1,167,2025-01-01 00:00:00,2037-01-01 23:59:59,"{""OpenGate"":true}",,,,,,,1779204613,3102
E851XK123,65/1,339,2025-01-01 00:00:00,2037-01-01 23:59:59,"{""OpenGate"":true}",,,,,,,1779204614,3270
E864HA123,81/4,86,2025-01-01 00:00:00,2037-01-01 23:59:59,"{""OpenGate"":true}",,,,,,,1779204613,3021
E901yX193,76_4,5275,2026-05-20 00:00:00,2037-01-01 23:59:59,"{""OpenGate"":true}",,,,, , ,1779277665,3712
E906AX134,80/4,205,2025-01-01 00:00:00,2037-01-01 23:59:59,"{""OpenGate"":true}",,,,,,,1779204613,3140
E918My142,28/2,302,2025-01-01 00:00:00,2037-01-01 23:59:59,"{""OpenGate"":true}",,,,,,,1779204614,3233
E971AC193,14/1,488,2025-01-01 00:00:00,2037-01-01 23:59:59,"{""OpenGate"":true}",,,,,,,1779204614,3419
E990KB193,70/1,669,2025-01-01 00:00:00,2037-01-01 23:59:59,"{""OpenGate"":true}",,,,,,,1779204614,3599
E993HP193,95/4,360,2025-01-01 00:00:00,2037-01-01 23:59:59,"{""OpenGate"":true}",,,,,,,1779204614,3291
H005AE123,19/4,83,2025-01-01 00:00:00,2037-01-01 23:59:59,"{""OpenGate"":true}",,,,,,,1779204613,3018
H037PO123,93/1,644,2025-01-01 00:00:00,2037-01-01 23:59:59,"{""OpenGate"":true}",,,,,,,1779204614,3575
H040CH123,45/1,585,2025-01-01 00:00:00,2037-01-01 23:59:59,"{""OpenGate"":true}",,,,,,,1779204614,3516
H055yP55,84/2,118,2025-01-01 00:00:00,2037-01-01 23:59:59,"{""OpenGate"":true}",,,,,,,1779204613,3053
H066HA193,5/2,222,2025-01-01 00:00:00,2037-01-01 23:59:59,"{""OpenGate"":true}",,,,,,,1779204613,3157
H074PO126,42/2,494,2025-01-01 00:00:00,2037-01-01 23:59:59,"{""OpenGate"":true}",,,,,,,1779204614,3425
H100CB123,84/1,196,2025-01-01 00:00:00,2037-01-01 23:59:59,"{""OpenGate"":true}",,,,,,,1779204613,3131
H121Ty93,17/3,142,2025-01-01 00:00:00,2037-01-01 23:59:59,"{""OpenGate"":true}",,,,,,,1779204613,3077
H123EM193,19/3,228,2025-01-01 00:00:00,2037-01-01 23:59:59,"{""OpenGate"":true}",,,,,,,1779204613,3163
H123yO193,96/2,459,2025-01-01 00:00:00,2037-01-01 23:59:59,"{""OpenGate"":true}",,,,,,,1779204614,3390
H137MC193,7/2,35,2025-01-01 00:00:00,2037-01-01 23:59:59,"{""OpenGate"":true}",,,,,,,1779204613,2970
H137yP26,81/1,119,2025-01-01 00:00:00,2037-01-01 23:59:59,"{""OpenGate"":true}",,,,,,,1779204613,3054
H200yA193,62/2,517,2025-01-01 00:00:00,2037-01-01 23:59:59,"{""OpenGate"":true}",,,,,,,1779204614,3448
H239HX193,7/3,84,2025-01-01 00:00:00,2037-01-01 23:59:59,"{""OpenGate"":true}",,,,,,,1779204613,3019
H302EM193,88/2,50,2025-01-01 00:00:00,2037-01-01 23:59:59,"{""OpenGate"":true}",,,,,,,1779204613,2985
H308PM193,92/4,472,2025-01-01 00:00:00,2037-01-01 23:59:59,"{""OpenGate"":true}",,,,,,,1779204614,3403
H430HC125,13/1,664,2025-01-01 00:00:00,2037-01-01 23:59:59,"{""OpenGate"":true}",,,,,,,1779204614,3594
H463yC126,81/1,120,2025-01-01 00:00:00,2037-01-01 23:59:59,"{""OpenGate"":true}",,,,,,,1779204613,3055
H491AE193,94/2,259,2025-01-01 00:00:00,2037-01-01 23:59:59,"{""OpenGate"":true}",,,,,,,1779204614,3194
H491Ey123,107/2,179,2025-01-01 00:00:00,2037-01-01 23:59:59,"{""OpenGate"":true}",,,,,,,1779204613,3114
H500yT22,66/4,171,2025-01-01 00:00:00,2037-01-01 23:59:59,"{""OpenGate"":true}",,,,,,,1779204613,3106
H501MC193,6/2,428,2025-01-01 00:00:00,2037-01-01 23:59:59,"{""OpenGate"":true}",,,,,,,1779204614,3359
H529EM193,16/2,190,2025-01-01 00:00:00,2037-01-01 23:59:59,"{""OpenGate"":true}",,,,,,,1779204613,3125
H561AK193,28/1,148,2025-01-01 00:00:00,2037-01-01 23:59:59,"{""OpenGate"":true}",,,,,,,1779204613,3083
H600HA193,114/1,109,2025-01-01 00:00:00,2037-01-01 23:59:59,"{""OpenGate"":true}",,,,,,,1779204613,3044
H601BX123,69/1,131,2025-01-01 00:00:00,2037-01-01 23:59:59,"{""OpenGate"":true}",,,,,,,1779204613,3066
H657AA774,19/2,513,2025-01-01 00:00:00,2037-01-01 23:59:59,"{""OpenGate"":true}",,,,,,,1779204614,3444
H667HA193,106/1,318,2025-01-01 00:00:00,2037-01-01 23:59:59,"{""OpenGate"":true}",,,,,,,1779204614,3249
H667KB193,99/4,342,2025-01-01 00:00:00,2037-01-01 23:59:59,"{""OpenGate"":true}",,,,,,,1779204614,3273
H693PT193,103/1,558,2025-01-01 00:00:00,2037-01-01 23:59:59,"{""OpenGate"":true}",,,,,,,1779204614,3489
H704AP193,90/1,445,2025-01-01 00:00:00,2037-01-01 23:59:59,"{""OpenGate"":true}",,,,,,,1779204614,3376
H727EC323,29/1,713,2025-01-01 00:00:00,2037-01-01 23:59:59,"{""OpenGate"":true}",,,,,,,1779204614,3642
H745PK123,73/4,712,2025-01-01 00:00:00,2037-01-01 23:59:59,"{""OpenGate"":true}",,,,,,,1779204614,3641
H759PB123,55/2,256,2025-01-01 00:00:00,2037-01-01 23:59:59,"{""OpenGate"":true}",,,,,,,1779204614,3191
H770PK123,6/3,54,2025-01-01 00:00:00,2037-01-01 23:59:59,"{""OpenGate"":true}",,,,,,,1779204613,2989
H777CX38,68/3,283,2025-01-01 00:00:00,2037-01-01 23:59:59,"{""OpenGate"":true}",,,,,,,1779204614,3218
H817XX196,112/2,520,2025-01-01 00:00:00,2037-01-01 23:59:59,"{""OpenGate"":true}",,,,,,,1779204614,3451
H820TT193,114/2,474,2025-01-01 00:00:00,2037-01-01 23:59:59,"{""OpenGate"":true}",,,,,,,1779204614,3405
H823OM23,91/2,384,2025-01-01 00:00:00,2037-01-01 23:59:59,"{""OpenGate"":true}",,,,,,,1779204614,3315
H835Ay193,93/4,40,2025-01-01 00:00:00,2037-01-01 23:59:59,"{""OpenGate"":true}",,,,,,,1779204613,2975
H844KT123,105/1,408,2025-01-01 00:00:00,2037-01-01 23:59:59,"{""OpenGate"":true}",,,,,,,1779204614,3339
H854MH123,9/1,452,2025-01-01 00:00:00,2037-01-01 23:59:59,"{""OpenGate"":true}",,,,,,,1779204614,3383
H888XE123,74/1,127,2025-01-01 00:00:00,2037-01-01 23:59:59,"{""OpenGate"":true}",,,,,,,1779204613,3062
H901yP193,58/2,202,2025-01-01 00:00:00,2037-01-01 23:59:59,"{""OpenGate"":true}",,,,,,,1779204613,3137
H922BE774,89/3,225,2025-01-01 00:00:00,2037-01-01 23:59:59,"{""OpenGate"":true}",,,,,,,1779204613,3160
H927Py193,34/2,322,2025-01-01 00:00:00,2037-01-01 23:59:59,"{""OpenGate"":true}",,,,,,,1779204614,3253
H930XT123,19_3,5274,2026-05-20 00:00:00,2037-01-01 23:59:59,"{""OpenGate"":true}",,,,, , ,1779204614,3256
H960BX323,400/1,601,2025-01-01 00:00:00,2037-01-01 23:59:59,"{""OpenGate"":true}",,,,,,,1779204614,3532
H961HO142,36/2,439,2025-01-01 00:00:00,2037-01-01 23:59:59,"{""OpenGate"":true}",,,,,,,1779204614,3370
H962MO761,35/1,41,2025-01-01 00:00:00,2037-01-01 23:59:59,"{""OpenGate"":true}",,,,,,,1779204613,2976
K005PE93,91/1,416,2025-01-01 00:00:00,2037-01-01 23:59:59,"{""OpenGate"":true}",,,,,,,1779204614,3347
K012KK26,3/1,132,2025-01-01 00:00:00,2037-01-01 23:59:59,"{""OpenGate"":true}",,,,,,,1779204613,3067
K033yB152,7/4,385,2025-01-01 00:00:00,2037-01-01 23:59:59,"{""OpenGate"":true}",,,,,,,1779204614,3316
K072EM164,1/1,692,2025-01-01 00:00:00,2037-01-01 23:59:59,"{""OpenGate"":true}",,,,,,,1779204614,3621
K081OM30,400/1,596,2025-01-01 00:00:00,2037-01-01 23:59:59,"{""OpenGate"":true}",,,,,,,1779204614,3527
K103HH123,2/2,106,2025-01-01 00:00:00,2037-01-01 23:59:59,"{""OpenGate"":true}",,,,,,,1779204613,3041
K123yO123,17/1,76,2025-01-01 00:00:00,2037-01-01 23:59:59,"{""OpenGate"":true}",,,,,,,1779204613,3011
K145XK123,115/2,449,2025-01-01 00:00:00,2037-01-01 23:59:59,"{""OpenGate"":true}",,,,,,,1779204614,3380
K155BH550,56/1,89,2025-01-01 00:00:00,2037-01-01 23:59:59,"{""OpenGate"":true}",,,,,,,1779204613,3024
K199XB123,59/1,29,2025-01-01 00:00:00,2037-01-01 23:59:59,"{""OpenGate"":true}",,,,,,,1779204613,2964
K201EC777,14/2,257,2025-01-01 00:00:00,2037-01-01 23:59:59,"{""OpenGate"":true}",,,,,,,1779204614,3192
K206BA193,101/1,434,2025-01-01 00:00:00,2037-01-01 23:59:59,"{""OpenGate"":true}",,,,,,,1779204614,3365
K247KM123,42/4,267,2025-01-01 00:00:00,2037-01-01 23:59:59,"{""OpenGate"":true}",,,,,,,1779204614,3202
K252HK193,88/2,51,2025-01-01 00:00:00,2037-01-01 23:59:59,"{""OpenGate"":true}",,,,,,,1779204613,2986
K265OH82,5/2,221,2025-01-01 00:00:00,2037-01-01 23:59:59,"{""OpenGate"":true}",,,,,,,1779204613,3156
K301HK193,7/1,481,2025-01-01 00:00:00,2037-01-01 23:59:59,"{""OpenGate"":true}",,,,,,,1779204614,3412
K309PA193,61/1,655,2025-01-01 00:00:00,2037-01-01 23:59:59,"{""OpenGate"":true}",,,,,,,1779204614,3586
K317MP193,116_2,599,2025-01-01 00:00:00,2037-01-01 23:59:59,"{""OpenGate"":true}",,,,,,,1779204614,3530
K324TM193,9/1,182,2025-01-01 00:00:00,2037-01-01 23:59:59,"{""OpenGate"":true}",,,,,,,1779204613,3117
K333XE123,99/2,648,2025-01-01 00:00:00,2037-01-01 23:59:59,"{""OpenGate"":true}",,,,,,,1779204614,3579
K345XK123,68/2,274,2025-01-01 00:00:00,2037-01-01 23:59:59,"{""OpenGate"":true}",,,,,,,1779204614,3209
K355CK193,63_4,5270,2026-05-20 00:00:00,2037-01-01 23:59:59,"{""OpenGate"":true}",,,,, , ,1779267642,3709
K370MK93,67/2,34,2025-01-01 00:00:00,2037-01-01 23:59:59,"{""OpenGate"":true}",,,,,,,1779204613,2969
K399KX29,64/1,242,2025-01-01 00:00:00,2037-01-01 23:59:59,"{""OpenGate"":true}",,,,,,,1779204614,3177
K495HH51,2/2,608,2025-01-01 00:00:00,2037-01-01 23:59:59,"{""OpenGate"":true}",,,,,,,1779204614,3539
K495KA186,33/2,261,2025-01-01 00:00:00,2037-01-01 23:59:59,"{""OpenGate"":true}",,,,,,,1779204614,3196
K504KC193,49/2,441,2025-01-01 00:00:00,2037-01-01 23:59:59,"{""OpenGate"":true}",,,,,,,1779204614,3372
K533HP51,2/2,708,2025-01-01 00:00:00,2037-01-01 23:59:59,"{""OpenGate"":true}",,,,,,,1779204614,3637
K541KP193,18/1,640,2025-01-01 00:00:00,2037-01-01 23:59:59,"{""OpenGate"":true}",,,,,,,1779204614,3571
K553XK123,75/1,369,2025-01-01 00:00:00,2037-01-01 23:59:59,"{""OpenGate"":true}",,,,,,,1779204614,3300
K560XT86,96/4,562,2025-01-01 00:00:00,2037-01-01 23:59:59,"{""OpenGate"":true}",,,,,,,1779204614,3493
K598yO193,117/1,623,2025-01-01 00:00:00,2037-01-01 23:59:59,"{""OpenGate"":true}",,,,,,,1779204614,3554
K620KT123,76/2,410,2025-01-01 00:00:00,2037-01-01 23:59:59,"{""OpenGate"":true}",,,,,,,1779204614,3341
K621CC193,52/2,311,2025-01-01 00:00:00,2037-01-01 23:59:59,"{""OpenGate"":true}",,,,,,,1779204614,3242
K624yX93,114/1,507,2025-01-01 00:00:00,2037-01-01 23:59:59,"{""OpenGate"":true}",,,,,,,1779204614,3438
K640XB123,61/2,111,2025-01-01 00:00:00,2037-01-01 23:59:59,"{""OpenGate"":true}",,,,,,,1779204613,3046
K677CA186,78/4,676,2025-01-01 00:00:00,2037-01-01 23:59:59,"{""OpenGate"":true}",,,,,,,1779204614,3605
K684HK193,78/1,285,2025-01-01 00:00:00,2037-01-01 23:59:59,"{""OpenGate"":true}",,,,,,,1779204614,3220
K692yP93,100/2,180,2025-01-01 00:00:00,2037-01-01 23:59:59,"{""OpenGate"":true}",,,,,,,1779204613,3115
K741yA193,17/2,140,2025-01-01 00:00:00,2037-01-01 23:59:59,"{""OpenGate"":true}",,,,,,,1779204613,3075
K745PA193,94/4,670,2025-01-01 00:00:00,2037-01-01 23:59:59,"{""OpenGate"":true}",,,,,,,1779204614,3600
K748KB193,36/1,526,2025-01-01 00:00:00,2037-01-01 23:59:59,"{""OpenGate"":true}",,,,,,,1779204614,3457
K760Ty123,117/1,622,2025-01-01 00:00:00,2037-01-01 23:59:59,"{""OpenGate"":true}",,,,,,,1779204614,3553
K761PK186,52/1,455,2025-01-01 00:00:00,2037-01-01 23:59:59,"{""OpenGate"":true}",,,,,,,1779204614,3386
K777AE123,95/2,707,2025-01-01 00:00:00,2037-01-01 23:59:59,"{""OpenGate"":true}",,,,,,,1779204614,3636
K777KT62,86/1,299,2025-01-01 00:00:00,2037-01-01 23:59:59,"{""OpenGate"":true}",,,,,,,1779204614,3230
K781PA193,42/4,674,2025-01-01 00:00:00,2037-01-01 23:59:59,"{""OpenGate"":true}",,,,,,,1779204614,3603
K783TH123,102/2,114,2025-01-01 00:00:00,2037-01-01 23:59:59,"{""OpenGate"":true}",,,,,,,1779204613,3049
K788EX180,20/4,506,2025-01-01 00:00:00,2037-01-01 23:59:59,"{""OpenGate"":true}",,,,,,,1779204614,3437
K820OM161,47/1,337,2025-01-01 00:00:00,2037-01-01 23:59:59,"{""OpenGate"":true}",,,,,,,1779204614,3268
K831yB193,44/1,403,2025-01-01 00:00:00,2037-01-01 23:59:59,"{""OpenGate"":true}",,,,,,,1779204614,3334
K856HX193,29/2,70,2025-01-01 00:00:00,2037-01-01 23:59:59,"{""OpenGate"":true}",,,,,,,1779204613,3005
K886Hy138,10/1,152,2025-01-01 00:00:00,2037-01-01 23:59:59,"{""OpenGate"":true}",,,,,,,1779204613,3087
K892BH193,10/1,95,2025-01-01 00:00:00,2037-01-01 23:59:59,"{""OpenGate"":true}",,,,,,,1779204613,3030
K908HM193,30/3,468,2025-01-01 00:00:00,2037-01-01 23:59:59,"{""OpenGate"":true}",,,,,,,1779204614,3399
K917OM186,52/1,454,2025-01-01 00:00:00,2037-01-01 23:59:59,"{""OpenGate"":true}",,,,,,,1779204614,3385
K921XK123,57/2,333,2025-01-01 00:00:00,2037-01-01 23:59:59,"{""OpenGate"":true}",,,,,,,1779204614,3264
K929BP93,97/4,236,2025-01-01 00:00:00,2037-01-01 23:59:59,"{""OpenGate"":true}",,,,,,,1779204614,3171
K930AT193,106/2,496,2025-01-01 00:00:00,2037-01-01 23:59:59,"{""OpenGate"":true}",,,,,,,1779204614,3427
K969KP193,90/3,511,2025-01-01 00:00:00,2037-01-01 23:59:59,"{""OpenGate"":true}",,,,,,,1779204614,3442
K982XK123,40/3,450,2025-01-01 00:00:00,2037-01-01 23:59:59,"{""OpenGate"":true}",,,,,,,1779204614,3381
K986HX193,16/1,514,2025-01-01 00:00:00,2037-01-01 23:59:59,"{""OpenGate"":true}",,,,,,,1779204614,3445
K996OM123,90/2,614,2025-01-01 00:00:00,2037-01-01 23:59:59,"{""OpenGate"":true}",,,,,,,1779204614,3545
K997OK193,52/2,309,2025-01-01 00:00:00,2037-01-01 23:59:59,"{""OpenGate"":true}",,,,,,,1779204614,3240
M007CB93,91/1,415,2025-01-01 00:00:00,2037-01-01 23:59:59,"{""OpenGate"":true}",,,,,,,1779204614,3346
M007OB66,37/1,156,2025-01-01 00:00:00,2037-01-01 23:59:59,"{""OpenGate"":true}",,,,,,,1779204613,3091
M012HA193,73/4,438,2025-01-01 00:00:00,2037-01-01 23:59:59,"{""OpenGate"":true}",,,,,,,1779204614,3369
M073CO123,22/1,56,2025-01-01 00:00:00,2037-01-01 23:59:59,"{""OpenGate"":true}",,,,,,,1779204613,2991
M080CE123,9/2,210,2025-01-01 00:00:00,2037-01-01 23:59:59,"{""OpenGate"":true}",,,,,,,1779204613,3145
M081HO193,47/2,530,2025-01-01 00:00:00,2037-01-01 23:59:59,"{""OpenGate"":true}",,,,,,,1779204614,3461
M086OH193,15/3,347,2025-01-01 00:00:00,2037-01-01 23:59:59,"{""OpenGate"":true}",,,,,,,1779204614,3278
M104AE193,32/3,32,2025-01-01 00:00:00,2037-01-01 23:59:59,"{""OpenGate"":true}",,,,,,,1779204613,2967
M120XA123,106/4,74,2025-01-01 00:00:00,2037-01-01 23:59:59,"{""OpenGate"":true}",,,,,,,1779204613,3009
M172CO193,26/1,722,2025-01-01 00:00:00,2037-01-01 23:59:59,"{""OpenGate"":true}",,,,,,,1779204614,3651
M172XT86,61/4,46,2025-01-01 00:00:00,2037-01-01 23:59:59,"{""OpenGate"":true}",,,,,,,1779204613,2981
M192CM65,85/2,192,2025-01-01 00:00:00,2037-01-01 23:59:59,"{""OpenGate"":true}",,,,,,,1779204613,3127
M201MT125,11/1,406,2025-01-01 00:00:00,2037-01-01 23:59:59,"{""OpenGate"":true}",,,,,,,1779204614,3337
M201yT123,13/1,161,2025-01-01 00:00:00,2037-01-01 23:59:59,"{""OpenGate"":true}",,,,,,,1779204613,3096
M207AT193,68/2,275,2025-01-01 00:00:00,2037-01-01 23:59:59,"{""OpenGate"":true}",,,,,,,1779204614,3210
M222MC123,7/1,480,2025-01-01 00:00:00,2037-01-01 23:59:59,"{""OpenGate"":true}",,,,,,,1779204614,3411
M277CO123,13/1,162,2025-01-01 00:00:00,2037-01-01 23:59:59,"{""OpenGate"":true}",,,,,,,1779204613,3097
M284yA193,16/4,550,2025-01-01 00:00:00,2037-01-01 23:59:59,"{""OpenGate"":true}",,,,,,,1779204614,3481
M294EX193,47/2,531,2025-01-01 00:00:00,2037-01-01 23:59:59,"{""OpenGate"":true}",,,,,,,1779204614,3462
M301EH193,94/4,635,2025-01-01 00:00:00,2037-01-01 23:59:59,"{""OpenGate"":true}",,,,,,,1779204614,3566
M327EH193,10/1,662,2025-01-01 00:00:00,2037-01-01 23:59:59,"{""OpenGate"":true}",,,,,,,1779204614,3592
M333AT193,48/2,329,2025-01-01 00:00:00,2037-01-01 23:59:59,"{""OpenGate"":true}",,,,,,,1779204614,3260
M403yC123,113/1,96,2025-01-01 00:00:00,2037-01-01 23:59:59,"{""OpenGate"":true}",,,,,,,1779204613,3031
M464EM123,108/3,13,2025-01-01 00:00:00,2037-01-01 23:59:59,"{""OpenGate"":true}",,,,,,,1779204613,2948
M532yO193,18/1,569,2025-01-01 00:00:00,2037-01-01 23:59:59,"{""OpenGate"":true}",,,,,,,1779204614,3500
M539TO93,45/1,683,2025-01-01 00:00:00,2037-01-01 23:59:59,"{""OpenGate"":true}",,,,,,,1779204614,3612
M542EX323,50/1,735,2025-01-01 00:00:00,2037-01-01 23:59:59,"{""OpenGate"":true}",,,,,,,1779204614,3664
M544yO193,56/2,566,2025-01-01 00:00:00,2037-01-01 23:59:59,"{""OpenGate"":true}",,,,,,,1779204614,3497
M559CC193,68/2,277,2025-01-01 00:00:00,2037-01-01 23:59:59,"{""OpenGate"":true}",,,,,,,1779204614,3212
M580CC193,31/1,125,2025-01-01 00:00:00,2037-01-01 23:59:59,"{""OpenGate"":true}",,,,,,,1779204613,3060
M637BE797,71/4,718,2025-01-01 00:00:00,2037-01-01 23:59:59,"{""OpenGate"":true}",,,,,,,1779204614,3647
M662AH123,106/2,495,2025-01-01 00:00:00,2037-01-01 23:59:59,"{""OpenGate"":true}",,,,,,,1779204614,3426
M684EO323,15/3,642,2025-01-01 00:00:00,2037-01-01 23:59:59,"{""OpenGate"":true}",,,,,,,1779204614,3573
M687Cy35,59/2,238,2025-01-01 00:00:00,2037-01-01 23:59:59,"{""OpenGate"":true}",,,,,,,1779204614,3173
M724yH193,89/2,359,2025-01-01 00:00:00,2037-01-01 23:59:59,"{""OpenGate"":true}",,,,,,,1779204614,3290
M726OE123,13/1,636,2025-01-01 00:00:00,2037-01-01 23:59:59,"{""OpenGate"":true}",,,,,,,1779204614,3567
M727EM193,90/2,358,2025-01-01 00:00:00,2037-01-01 23:59:59,"{""OpenGate"":true}",,,,,,,1779204614,3289
M746OO193,43/1,248,2025-01-01 00:00:00,2037-01-01 23:59:59,"{""OpenGate"":true}",,,,,,,1779204614,3183
M753PM62,86/1,723,2025-01-01 00:00:00,2037-01-01 23:59:59,"{""OpenGate"":true}",,,,,,,1779204614,3652
M756yE123,102/2,113,2025-01-01 00:00:00,2037-01-01 23:59:59,"{""OpenGate"":true}",,,,,,,1779204613,3048
M775CM62,86/1,720,2025-01-01 00:00:00,2037-01-01 23:59:59,"{""OpenGate"":true}",,,,,,,1779204614,3649
M787Py123,32/4,20,2025-01-01 00:00:00,2037-01-01 23:59:59,"{""OpenGate"":true}",,,,,,,1779204613,2955
M791AX193,105/4,464,2025-01-01 00:00:00,2037-01-01 23:59:59,"{""OpenGate"":true}",,,,,,,1779204614,3395
M796yX123,24/2,388,2025-01-01 00:00:00,2037-01-01 23:59:59,"{""OpenGate"":true}",,,,,,,1779204614,3319
M820MB93,38/4,77,2025-01-01 00:00:00,2037-01-01 23:59:59,"{""OpenGate"":true}",,,,,,,1779204613,3012
M836AB93,114/1,659,2025-01-01 00:00:00,2037-01-01 23:59:59,"{""OpenGate"":true}",,,,,,,1779204614,3589
M846XT123,108/2,226,2025-01-01 00:00:00,2037-01-01 23:59:59,"{""OpenGate"":true}",,,,,,,1779204613,3161
M888MC93,104/2,477,2025-01-01 00:00:00,2037-01-01 23:59:59,"{""OpenGate"":true}",,,,,,,1779204614,3408
M896PH123,18/4,555,2025-01-01 00:00:00,2037-01-01 23:59:59,"{""OpenGate"":true}",,,,,,,1779204614,3486
M904yX193,117/1,626,2025-01-01 00:00:00,2037-01-01 23:59:59,"{""OpenGate"":true}",,,,,,,1779204614,3557
M926HO123,46/3,117,2025-01-01 00:00:00,2037-01-01 23:59:59,"{""OpenGate"":true}",,,,,,,1779204613,3052
M941EM193,53/1,215,2025-01-01 00:00:00,2037-01-01 23:59:59,"{""OpenGate"":true}",,,,,,,1779204613,3150
M947TM123,104/1,665,2025-01-01 00:00:00,2037-01-01 23:59:59,"{""OpenGate"":true}",,,,,,,1779204614,3595
M970BA323,76/1,719,2025-01-01 00:00:00,2037-01-01 23:59:59,"{""OpenGate"":true}",,,,,,,1779204614,3648
M988CC193,98/2,138,2025-01-01 00:00:00,2037-01-01 23:59:59,"{""OpenGate"":true}",,,,,,,1779204613,3073
M991EP126,94/4,616,2025-01-01 00:00:00,2037-01-01 23:59:59,"{""OpenGate"":true}",,,,,,,1779204614,3547
O023BM196,37/2,289,2025-01-01 00:00:00,2037-01-01 23:59:59,"{""OpenGate"":true}",,,,,,,1779204614,3224
O033My31,1/2,650,2025-01-01 00:00:00,2037-01-01 23:59:59,"{""OpenGate"":true}",,,,,,,1779204614,3581
O049OO93,45/1,570,2025-01-01 00:00:00,2037-01-01 23:59:59,"{""OpenGate"":true}",,,,,,,1779204614,3501
O083OE161,36/1,527,2025-01-01 00:00:00,2037-01-01 23:59:59,"{""OpenGate"":true}",,,,,,,1779204614,3458
O103CC123,69/2,108,2025-01-01 00:00:00,2037-01-01 23:59:59,"{""OpenGate"":true}",,,,,,,1779204613,3043
O121EO193,67/4,393,2025-01-01 00:00:00,2037-01-01 23:59:59,"{""OpenGate"":true}",,,,,,,1779204614,3324
O252yB193,31/1,689,2025-01-01 00:00:00,2037-01-01 23:59:59,"{""OpenGate"":true}",,,,,,,1779204614,3618
O262CO55,38/2,47,2025-01-01 00:00:00,2037-01-01 23:59:59,"{""OpenGate"":true}",,,,,,,1779204613,2982
O281ET123,34/1,66,2025-01-01 00:00:00,2037-01-01 23:59:59,"{""OpenGate"":true}",,,,,,,1779204613,3001
O307CA77,15_2,5273,2026-05-20 00:00:00,2037-01-01 23:59:59,"{""OpenGate"":true}",,,,, , ,1779270780,3711
O307EH323,15/3,704,2025-01-01 00:00:00,2037-01-01 23:59:59,"{""OpenGate"":true}",,,,,,,1779204614,3633
O324Hy193,60/1,456,2025-01-01 00:00:00,2037-01-01 23:59:59,"{""OpenGate"":true}",,,,,,,1779204614,3387
O344CK196,37/2,288,2025-01-01 00:00:00,2037-01-01 23:59:59,"{""OpenGate"":true}",,,,,,,1779204614,3223
O397PT193,6/4,421,2025-01-01 00:00:00,2037-01-01 23:59:59,"{""OpenGate"":true}",,,,,,,1779204614,3352
O439yM86,79/3,104,2025-01-01 00:00:00,2037-01-01 23:59:59,"{""OpenGate"":true}",,,,,,,1779204613,3039
O444EO193,60/1,381,2025-01-01 00:00:00,2037-01-01 23:59:59,"{""OpenGate"":true}",,,,,,,1779204614,3312
O449PH193,83/2,177,2025-01-01 00:00:00,2037-01-01 23:59:59,"{""OpenGate"":true}",,,,,,,1779204613,3112
O461OH93,42/1,49,2025-01-01 00:00:00,2037-01-01 23:59:59,"{""OpenGate"":true}",,,,,,,1779204613,2984
O480Ey126,68/4,321,2025-01-01 00:00:00,2037-01-01 23:59:59,"{""OpenGate"":true}",,,,,,,1779204614,3252
O486XO193,115/2,657,2025-01-01 00:00:00,2037-01-01 23:59:59,"{""OpenGate"":true}",,,,,,,1779204614,3587
O491XM11,36/3,361,2025-01-01 00:00:00,2037-01-01 23:59:59,"{""OpenGate"":true}",,,,,,,1779204614,3292
O497yA198,18/1,363,2025-01-01 00:00:00,2037-01-01 23:59:59,"{""OpenGate"":true}",,,,,,,1779204614,3294
O506PE193,7/1,482,2025-01-01 00:00:00,2037-01-01 23:59:59,"{""OpenGate"":true}",,,,,,,1779204614,3413
O525CT123,111/3,501,2025-01-01 00:00:00,2037-01-01 23:59:59,"{""OpenGate"":true}",,,,,,,1779204614,3432
O533EB193,15/4,3,2025-01-01 00:00:00,2037-01-01 23:59:59,"{""OpenGate"":true}",,,,,,,1779204613,2938
O559BB193,71/1,93,2025-01-01 00:00:00,2037-01-01 23:59:59,"{""OpenGate"":true}",,,,,,,1779204613,3028
O568yO193,87/1,573,2025-01-01 00:00:00,2037-01-01 23:59:59,"{""OpenGate"":true}",,,,,,,1779204614,3504
O580CA193,43/1,246,2025-01-01 00:00:00,2037-01-01 23:59:59,"{""OpenGate"":true}",,,,,,,1779204614,3181
O604EX774,59/1,30,2025-01-01 00:00:00,2037-01-01 23:59:59,"{""OpenGate"":true}",,,,,,,1779204613,2965
O615TM193,67/4,695,2025-01-01 00:00:00,2037-01-01 23:59:59,"{""OpenGate"":true}",,,,,,,1779204614,3624
O623MA193,78/3,174,2025-01-01 00:00:00,2037-01-01 23:59:59,"{""OpenGate"":true}",,,,,,,1779204613,3109
O623XX196,86/1,368,2025-01-01 00:00:00,2037-01-01 23:59:59,"{""OpenGate"":true}",,,,,,,1779204614,3299
O633yE193,16/4,548,2025-01-01 00:00:00,2037-01-01 23:59:59,"{""OpenGate"":true}",,,,,,,1779204614,3479
O636HH93,15/3,703,2025-01-01 00:00:00,2037-01-01 23:59:59,"{""OpenGate"":true}",,,,,,,1779204614,3632
O640XM93,112/2,518,2025-01-01 00:00:00,2037-01-01 23:59:59,"{""OpenGate"":true}",,,,,,,1779204614,3449
O651BB193,14/1,522,2025-01-01 00:00:00,2037-01-01 23:59:59,"{""OpenGate"":true}",,,,,,,1779204614,3453
O670KX193,97/4,235,2025-01-01 00:00:00,2037-01-01 23:59:59,"{""OpenGate"":true}",,,,,,,1779204614,3170
O694OC193,15/1,540,2025-01-01 00:00:00,2037-01-01 23:59:59,"{""OpenGate"":true}",,,,,,,1779204614,3471
O703EO193,76/1,123,2025-01-01 00:00:00,2037-01-01 23:59:59,"{""OpenGate"":true}",,,,,,,1779204613,3058
O714CE15,92/3,4,2025-01-01 00:00:00,2037-01-01 23:59:59,"{""OpenGate"":true}",,,,,,,1779204613,2939
O718yP193,93/1,244,2025-01-01 00:00:00,2037-01-01 23:59:59,"{""OpenGate"":true}",,,,,,,1779204614,3179
O728PK196,46/4,216,2025-01-01 00:00:00,2037-01-01 23:59:59,"{""OpenGate"":true}",,,,,,,1779204613,3151
O733Py193,30/3,467,2025-01-01 00:00:00,2037-01-01 23:59:59,"{""OpenGate"":true}",,,,,,,1779204614,3398
O749MA123,78/3,175,2025-01-01 00:00:00,2037-01-01 23:59:59,"{""OpenGate"":true}",,,,,,,1779204613,3110
O772AK799,76/3,60,2025-01-01 00:00:00,2037-01-01 23:59:59,"{""OpenGate"":true}",,,,,,,1779204613,2995
O785yM193,95/2,553,2025-01-01 00:00:00,2037-01-01 23:59:59,"{""OpenGate"":true}",,,,,,,1779204614,3484
O800EM193,18/4,557,2025-01-01 00:00:00,2037-01-01 23:59:59,"{""OpenGate"":true}",,,,,,,1779204614,3488
O802Ay193,17/3,144,2025-01-01 00:00:00,2037-01-01 23:59:59,"{""OpenGate"":true}",,,,,,,1779204613,3079
O808AB123,104/2,476,2025-01-01 00:00:00,2037-01-01 23:59:59,"{""OpenGate"":true}",,,,,,,1779204614,3407
O815BX193,90/2,356,2025-01-01 00:00:00,2037-01-01 23:59:59,"{""OpenGate"":true}",,,,,,,1779204614,3287
O827KC126,73/4,437,2025-01-01 00:00:00,2037-01-01 23:59:59,"{""OpenGate"":true}",,,,,,,1779204614,3368
O873EM193,105/2,697,2025-01-01 00:00:00,2037-01-01 23:59:59,"{""OpenGate"":true}",,,,,,,1779204614,3626
O899MO193,99/3,304,2025-01-01 00:00:00,2037-01-01 23:59:59,"{""OpenGate"":true}",,,,,,,1779204614,3235
O909AO193,58/1,69,2025-01-01 00:00:00,2037-01-01 23:59:59,"{""OpenGate"":true}",,,,,,,1779204613,3004
O909CC93,52/2,444,2025-01-01 00:00:00,2037-01-01 23:59:59,"{""OpenGate"":true}",,,,,,,1779204614,3375
O919AX123,52/2,443,2025-01-01 00:00:00,2037-01-01 23:59:59,"{""OpenGate"":true}",,,,,,,1779204614,3374
O929CK86,75/4,57,2025-01-01 00:00:00,2037-01-01 23:59:59,"{""OpenGate"":true}",,,,,,,1779204613,2992
O999HO193,59/2,239,2025-01-01 00:00:00,2037-01-01 23:59:59,"{""OpenGate"":true}",,,,,,,1779204614,3174
P018KE193,30/1,543,2025-01-01 00:00:00,2037-01-01 23:59:59,"{""OpenGate"":true}",,,,,,,1779204614,3474
P022CA193,43/1,247,2025-01-01 00:00:00,2037-01-01 23:59:59,"{""OpenGate"":true}",,,,,,,1779204614,3182
P029HA193,89/1,427,2025-01-01 00:00:00,2037-01-01 23:59:59,"{""OpenGate"":true}",,,,,,,1779204614,3358
P046OP58,24/2,389,2025-01-01 00:00:00,2037-01-01 23:59:59,"{""OpenGate"":true}",,,,,,,1779204614,3320
P048BC123,76/4,315,2025-01-01 00:00:00,2037-01-01 23:59:59,"{""OpenGate"":true}",,,,,,,1779204614,3246
P069BK323,42/4,547,2025-01-01 00:00:00,2037-01-01 23:59:59,"{""OpenGate"":true}",,,,,,,1779204614,3478
P148BA184,96/4,561,2025-01-01 00:00:00,2037-01-01 23:59:59,"{""OpenGate"":true}",,,,,,,1779204614,3492
P181BA323,72/2,582,2025-01-01 00:00:00,2037-01-01 23:59:59,"{""OpenGate"":true}",,,,,,,1779204614,3513
P185TC123,26/1,332,2025-01-01 00:00:00,2037-01-01 23:59:59,"{""OpenGate"":true}",,,,,,,1779204614,3263
P212EM123,45/2,542,2025-01-01 00:00:00,2037-01-01 23:59:59,"{""OpenGate"":true}",,,,,,,1779204614,3473
P215TC193,117/1,652,2025-01-01 00:00:00,2037-01-01 23:59:59,"{""OpenGate"":true}",,,,,,,1779204614,3583
P220OO126,15/3,645,2025-01-01 00:00:00,2037-01-01 23:59:59,"{""OpenGate"":true}",,,,,,,1779204614,3576
P235Oy70,100/4,675,2025-01-01 00:00:00,2037-01-01 23:59:59,"{""OpenGate"":true}",,,,,,,1779204614,3604
P283PC193,79/3,105,2025-01-01 00:00:00,2037-01-01 23:59:59,"{""OpenGate"":true}",,,,,,,1779204613,3040
P299EM123,46/2,451,2025-01-01 00:00:00,2037-01-01 23:59:59,"{""OpenGate"":true}",,,,,,,1779204614,3382
P299HA193,47/1,579,2025-01-01 00:00:00,2037-01-01 23:59:59,"{""OpenGate"":true}",,,,,,,1779204614,3510
P333BE138,68/3,535,2025-01-01 00:00:00,2037-01-01 23:59:59,"{""OpenGate"":true}",,,,,,,1779204614,3466
P380KC193,108/3,694,2025-01-01 00:00:00,2037-01-01 23:59:59,"{""OpenGate"":true}",,,,,,,1779204614,3623
P380OH123,75/2,130,2025-01-01 00:00:00,2037-01-01 23:59:59,"{""OpenGate"":true}",,,,,,,1779204613,3065
P391Ay193,25/1,24,2025-01-01 00:00:00,2037-01-01 23:59:59,"{""OpenGate"":true}",,,,,,,1779204613,2959
P391TE123,111/3,194,2025-01-01 00:00:00,2037-01-01 23:59:59,"{""OpenGate"":true}",,,,,,,1779204613,3129
P392MB777,38/3,187,2025-01-01 00:00:00,2037-01-01 23:59:59,"{""OpenGate"":true}",,,,,,,1779204613,3122
P426MC193,106/4,72,2025-01-01 00:00:00,2037-01-01 23:59:59,"{""OpenGate"":true}",,,,,,,1779204613,3007
P447HO193,100/1,211,2025-01-01 00:00:00,2037-01-01 23:59:59,"{""OpenGate"":true}",,,,,,,1779204613,3146
P453AP123,24/1,721,2025-01-01 00:00:00,2037-01-01 23:59:59,"{""OpenGate"":true}",,,,,,,1779204614,3650
P453Oy70,108/1,571,2025-01-01 00:00:00,2037-01-01 23:59:59,"{""OpenGate"":true}",,,,,,,1779204614,3502
P454EM193,21/2,295,2025-01-01 00:00:00,2037-01-01 23:59:59,"{""OpenGate"":true}",,,,,,,1779204614,3226
P462OE193,67/1,18,2025-01-01 00:00:00,2037-01-01 23:59:59,"{""OpenGate"":true}",,,,,,,1779204613,2953
P481XM193,111/3,195,2025-01-01 00:00:00,2037-01-01 23:59:59,"{""OpenGate"":true}",,,,,,,1779204613,3130
P517HC193,113/3,188,2025-01-01 00:00:00,2037-01-01 23:59:59,"{""OpenGate"":true}",,,,,,,1779204613,3123
P538KH193,9/2,207,2025-01-01 00:00:00,2037-01-01 23:59:59,"{""OpenGate"":true}",,,,,,,1779204613,3142
P559XO193,41/2,397,2025-01-01 00:00:00,2037-01-01 23:59:59,"{""OpenGate"":true}",,,,,,,1779204614,3328
P568KE126,76/1,124,2025-01-01 00:00:00,2037-01-01 23:59:59,"{""OpenGate"":true}",,,,,,,1779204613,3059
P588BM323,15/3,606,2025-01-01 00:00:00,2037-01-01 23:59:59,"{""OpenGate"":true}",,,,,,,1779204614,3537
P609TP93,4/1,419,2025-01-01 00:00:00,2037-01-01 23:59:59,"{""OpenGate"":true}",,,,,,,1779204614,3350
P630yy193,16/2,610,2025-01-01 00:00:00,2037-01-01 23:59:59,"{""OpenGate"":true}",,,,,,,1779204614,3541
P656XB123,90/3,564,2025-01-01 00:00:00,2037-01-01 23:59:59,"{""OpenGate"":true}",,,,,,,1779204614,3495
P680EX186,52/1,458,2025-01-01 00:00:00,2037-01-01 23:59:59,"{""OpenGate"":true}",,,,,,,1779204614,3389
P689yK93,107/2,164,2025-01-01 00:00:00,2037-01-01 23:59:59,"{""OpenGate"":true}",,,,,,,1779204613,3099
P767CT123,13/1,163,2025-01-01 00:00:00,2037-01-01 23:59:59,"{""OpenGate"":true}",,,,,,,1779204613,3098
P789KK186,99/3,303,2025-01-01 00:00:00,2037-01-01 23:59:59,"{""OpenGate"":true}",,,,,,,1779204614,3234
P808KK93,21/2,294,2025-01-01 00:00:00,2037-01-01 23:59:59,"{""OpenGate"":true}",,,,,,,1779204614,3225
P831YK193,60/2,594,2025-01-01 00:00:00,2037-01-01 23:59:59,"{""OpenGate"":true}",,,,,,,1779204614,3525
P831yK193,60/2,595,2025-01-01 00:00:00,2037-01-01 23:59:59,"{""OpenGate"":true}",,,,,,,1779204614,3526
P835KO193,18/1,716,2025-01-01 00:00:00,2037-01-01 23:59:59,"{""OpenGate"":true}",,,,,,,1779204614,3645
P909OP193,42/1,48,2025-01-01 00:00:00,2037-01-01 23:59:59,"{""OpenGate"":true}",,,,,,,1779204613,2983
P913KX123,47/2,532,2025-01-01 00:00:00,2037-01-01 23:59:59,"{""OpenGate"":true}",,,,,,,1779204614,3463
P939OO193,15/3,348,2025-01-01 00:00:00,2037-01-01 23:59:59,"{""OpenGate"":true}",,,,,,,1779204614,3279
P984AO186,63/3,39,2025-01-01 00:00:00,2037-01-01 23:59:59,"{""OpenGate"":true}",,,,,,,1779204613,2974
P989CA123,90/1,87,2025-01-01 00:00:00,2037-01-01 23:59:59,"{""OpenGate"":true}",,,,,,,1779204613,3022
P989OC193,90/1,536,2025-01-01 00:00:00,2037-01-01 23:59:59,"{""OpenGate"":true}",,,,,,,1779204614,3467
T001By93,71/3,600,2025-01-01 00:00:00,2037-01-01 23:59:59,"{""OpenGate"":true}",,,,,,,1779204614,3531
T002TP27,58/1,68,2025-01-01 00:00:00,2037-01-01 23:59:59,"{""OpenGate"":true}",,,,,,,1779204613,3003
T031BE193,97/2,153,2025-01-01 00:00:00,2037-01-01 23:59:59,"{""OpenGate"":true}",,,,,,,1779204613,3088
T036AA98,70/2,392,2025-01-01 00:00:00,2037-01-01 23:59:59,"{""OpenGate"":true}",,,,,,,1779204614,3323
T050OX23,103_2,5269,2026-05-20 00:00:00,2037-01-01 23:59:59,"{""OpenGate"":true}",,,,, , ,1779267497,3708
T058TB123,21/1,1,2025-01-01 00:00:00,2037-01-01 23:59:59,"{""OpenGate"":true}",,,,,,,1779204613,2936
T083BE193,14/1,487,2025-01-01 00:00:00,2037-01-01 23:59:59,"{""OpenGate"":true}",,,,,,,1779204614,3418
T095HH123,90/3,563,2025-01-01 00:00:00,2037-01-01 23:59:59,"{""OpenGate"":true}",,,,,,,1779204614,3494
T112TX93,9/2,206,2025-01-01 00:00:00,2037-01-01 23:59:59,"{""OpenGate"":true}",,,,,,,1779204613,3141
T116BE193,60_2,5261,2026-05-20 00:00:00,2037-01-01 23:59:59,"{""OpenGate"":true}",,,,, , ,1779204614,3254
T121OK93,106/2,498,2025-01-01 00:00:00,2037-01-01 23:59:59,"{""OpenGate"":true}",,,,,,,1779204614,3429
T125TE93,400/1,598,2025-01-01 00:00:00,2037-01-01 23:59:59,"{""OpenGate"":true}",,,,,,,1779204614,3529
T131KA161,80/4,204,2025-01-01 00:00:00,2037-01-01 23:59:59,"{""OpenGate"":true}",,,,,,,1779204613,3139
T172BM193,103/1,560,2025-01-01 00:00:00,2037-01-01 23:59:59,"{""OpenGate"":true}",,,,,,,1779204614,3491
T199MP193,50/2,590,2025-01-01 00:00:00,2037-01-01 23:59:59,"{""OpenGate"":true}",,,,,,,1779204614,3521
T261PA193,75_1,5271,2026-05-20 00:00:00,2037-01-01 23:59:59,"{""OpenGate"":true}",,,,, , ,1779204614,3596
T280ET123,15/1,169,2025-01-01 00:00:00,2037-01-01 23:59:59,"{""OpenGate"":true}",,,,,,,1779204613,3104
T305CT174,5/3,485,2025-01-01 00:00:00,2037-01-01 23:59:59,"{""OpenGate"":true}",,,,,,,1779204614,3416
T314XE123,86/2,365,2025-01-01 00:00:00,2037-01-01 23:59:59,"{""OpenGate"":true}",,,,,,,1779204614,3296
T340EP193,50/1,141,2025-01-01 00:00:00,2037-01-01 23:59:59,"{""OpenGate"":true}",,,,,,,1779204613,3076
T341EA14,99/1,38,2025-01-01 00:00:00,2037-01-01 23:59:59,"{""OpenGate"":true}",,,,,,,1779204613,2973
T366OA123,64/3,268,2025-01-01 00:00:00,2037-01-01 23:59:59,"{""OpenGate"":true}",,,,,,,1779204614,3203
T380TX93,70/3,367,2025-01-01 00:00:00,2037-01-01 23:59:59,"{""OpenGate"":true}",,,,,,,1779204614,3298
T384BT323,97/1,402,2025-01-01 00:00:00,2037-01-01 23:59:59,"{""OpenGate"":true}",,,,,,,1779204614,3333
T414Ty193,109_2,5279,2026-05-20 00:00:00,2037-01-01 23:59:59,"{""OpenGate"":true}",,,,, , ,1779289031,3717
T436BE193,88/2,52,2025-01-01 00:00:00,2037-01-01 23:59:59,"{""OpenGate"":true}",,,,,,,1779204613,2987
T441OM123,47/1,338,2025-01-01 00:00:00,2037-01-01 23:59:59,"{""OpenGate"":true}",,,,,,,1779204614,3269
T461yC123,60/2,326,2025-01-01 00:00:00,2037-01-01 23:59:59,"{""OpenGate"":true}",,,,,,,1779204614,3257
T479Py193,34/1,67,2025-01-01 00:00:00,2037-01-01 23:59:59,"{""OpenGate"":true}",,,,,,,1779204613,3002
T480ET123,15/1,611,2025-01-01 00:00:00,2037-01-01 23:59:59,"{""OpenGate"":true}",,,,,,,1779204614,3542
T492yH42,89/1,426,2025-01-01 00:00:00,2037-01-01 23:59:59,"{""OpenGate"":true}",,,,,,,1779204614,3357
T504XH193,18/4,556,2025-01-01 00:00:00,2037-01-01 23:59:59,"{""OpenGate"":true}",,,,,,,1779204614,3487
T526EB323,95/3,727,2025-01-01 00:00:00,2037-01-01 23:59:59,"{""OpenGate"":true}",,,,,,,1779204614,3656
T571TB193,117/1,653,2025-01-01 00:00:00,2037-01-01 23:59:59,"{""OpenGate"":true}",,,,,,,1779204614,3584
T609CK193,96/1,711,2025-01-01 00:00:00,2037-01-01 23:59:59,"{""OpenGate"":true}",,,,,,,1779204614,3640
T616AM193,71/2,240,2025-01-01 00:00:00,2037-01-01 23:59:59,"{""OpenGate"":true}",,,,,,,1779204614,3175
T627TP123,83/1,81,2025-01-01 00:00:00,2037-01-01 23:59:59,"{""OpenGate"":true}",,,,,,,1779204613,3016
T637BT797,30/3,470,2025-01-01 00:00:00,2037-01-01 23:59:59,"{""OpenGate"":true}",,,,,,,1779204614,3401
T649TH123,50/1,734,2025-01-01 00:00:00,2037-01-01 23:59:59,"{""OpenGate"":true}",,,,,,,1779204614,3663
T677CC193,64/3,271,2025-01-01 00:00:00,2037-01-01 23:59:59,"{""OpenGate"":true}",,,,,,,1779204614,3206
T700CM23,104/2,475,2025-01-01 00:00:00,2037-01-01 23:59:59,"{""OpenGate"":true}",,,,,,,1779204614,3406
T848EM193,18/2,265,2025-01-01 00:00:00,2037-01-01 23:59:59,"{""OpenGate"":true}",,,,,,,1779204614,3200
T902PK193,106/1,319,2025-01-01 00:00:00,2037-01-01 23:59:59,"{""OpenGate"":true}",,,,,,,1779204614,3250
T925EE193,113/3,189,2025-01-01 00:00:00,2037-01-01 23:59:59,"{""OpenGate"":true}",,,,,,,1779204613,3124
T929MC123,69/1,151,2025-01-01 00:00:00,2037-01-01 23:59:59,"{""OpenGate"":true}",,,,,,,1779204613,3086
T962OK193,15/3,349,2025-01-01 00:00:00,2037-01-01 23:59:59,"{""OpenGate"":true}",,,,,,,1779204614,3280
T977AK193,60/1,380,2025-01-01 00:00:00,2037-01-01 23:59:59,"{""OpenGate"":true}",,,,,,,1779204614,3311
X001XE38,68/3,281,2025-01-01 00:00:00,2037-01-01 23:59:59,"{""OpenGate"":true}",,,,,,,1779204614,3216
X025HM193,41/2,672,2025-01-01 00:00:00,2037-01-01 23:59:59,"{""OpenGate"":true}",,,,,,,1779204614,3601
X037PB27,11/1,407,2025-01-01 00:00:00,2037-01-01 23:59:59,"{""OpenGate"":true}",,,,,,,1779204614,3338
X040yA193,20/3,345,2025-01-01 00:00:00,2037-01-01 23:59:59,"{""OpenGate"":true}",,,,,,,1779204614,3276
X049MP193,48/2,328,2025-01-01 00:00:00,2037-01-01 23:59:59,"{""OpenGate"":true}",,,,,,,1779204614,3259
X056XH123,62/3,279,2025-01-01 00:00:00,2037-01-01 23:59:59,"{""OpenGate"":true}",,,,,,,1779204614,3214
X100MA193,84/1,197,2025-01-01 00:00:00,2037-01-01 23:59:59,"{""OpenGate"":true}",,,,,,,1779204613,3132
X101TH93,68/2,276,2025-01-01 00:00:00,2037-01-01 23:59:59,"{""OpenGate"":true}",,,,,,,1779204614,3211
X107EC193,99/1,168,2025-01-01 00:00:00,2037-01-01 23:59:59,"{""OpenGate"":true}",,,,,,,1779204613,3103
X117yA193,88/1,233,2025-01-01 00:00:00,2037-01-01 23:59:59,"{""OpenGate"":true}",,,,,,,1779204614,3168
X118AP193,68/2,278,2025-01-01 00:00:00,2037-01-01 23:59:59,"{""OpenGate"":true}",,,,,,,1779204614,3213
X126CM01,70/1,185,2025-01-01 00:00:00,2037-01-01 23:59:59,"{""OpenGate"":true}",,,,,,,1779204613,3120
X128MP193,38/4,78,2025-01-01 00:00:00,2037-01-01 23:59:59,"{""OpenGate"":true}",,,,,,,1779204613,3013
X146BB193,35/2,462,2025-01-01 00:00:00,2037-01-01 23:59:59,"{""OpenGate"":true}",,,,,,,1779204614,3393
X155AB193,38/1,116,2025-01-01 00:00:00,2037-01-01 23:59:59,"{""OpenGate"":true}",,,,,,,1779204613,3051
X157OC193,15/3,534,2025-01-01 00:00:00,2037-01-01 23:59:59,"{""OpenGate"":true}",,,,,,,1779204614,3465
X157TH43,lil_DiDiDi,10670,2026-05-20 00:00:00,2026-05-22 23:59:59,"{""OpenGate"":true}",,,,, , ,1779239477,3700
X242HO142,36/2,440,2025-01-01 00:00:00,2037-01-01 23:59:59,"{""OpenGate"":true}",,,,,,,1779204614,3371
X248KC72,12/1,668,2025-01-01 00:00:00,2037-01-01 23:59:59,"{""OpenGate"":true}",,,,,,,1779204614,3598
X298KE193,73/4,436,2025-01-01 00:00:00,2037-01-01 23:59:59,"{""OpenGate"":true}",,,,,,,1779204614,3367
X300TX123,72/1,484,2025-01-01 00:00:00,2037-01-01 23:59:59,"{""OpenGate"":true}",,,,,,,1779204614,3415
X337CC193,60/2,583,2025-01-01 00:00:00,2037-01-01 23:59:59,"{""OpenGate"":true}",,,,,,,1779204614,3514
X344CC193,69/3,200,2025-01-01 00:00:00,2037-01-01 23:59:59,"{""OpenGate"":true}",,,,,,,1779204613,3135
X389AM193,5/2,219,2025-01-01 00:00:00,2037-01-01 23:59:59,"{""OpenGate"":true}",,,,,,,1779204613,3154
X430TB42,92/1,91,2025-01-01 00:00:00,2037-01-01 23:59:59,"{""OpenGate"":true}",,,,,,,1779204613,3026
X438KT123,116/1,42,2025-01-01 00:00:00,2037-01-01 23:59:59,"{""OpenGate"":true}",,,,,,,1779204613,2977
X494AM193,30/2,709,2025-01-01 00:00:00,2037-01-01 23:59:59,"{""OpenGate"":true}",,,,,,,1779204614,3638
X500Oy123,103/1,705,2025-01-01 00:00:00,2037-01-01 23:59:59,"{""OpenGate"":true}",,,,,,,1779204614,3634
X526Py116,79/2,94,2025-01-01 00:00:00,2037-01-01 23:59:59,"{""OpenGate"":true}",,,,,,,1779204613,3029
X553EX142,89/1,425,2025-01-01 00:00:00,2037-01-01 23:59:59,"{""OpenGate"":true}",,,,,,,1779204614,3356
X565CE193,117/1,654,2025-01-01 00:00:00,2037-01-01 23:59:59,"{""OpenGate"":true}",,,,,,,1779204614,3585
X594KO138,27/2,344,2025-01-01 00:00:00,2037-01-01 23:59:59,"{""OpenGate"":true}",,,,,,,1779204614,3275
X596yX123,68/4,320,2025-01-01 00:00:00,2037-01-01 23:59:59,"{""OpenGate"":true}",,,,,,,1779204614,3251
X634BX123,80/2,224,2025-01-01 00:00:00,2037-01-01 23:59:59,"{""OpenGate"":true}",,,,,,,1779204613,3159
X643Oy193,74/1,643,2025-01-01 00:00:00,2037-01-01 23:59:59,"{""OpenGate"":true}",,,,,,,1779204614,3574
X662BC193,66_1,5276,2026-05-20 00:00:00,2037-01-01 23:59:59,"{""OpenGate"":true}",,,,, , ,1779279335,3713
X667OM123,83/1,80,2025-01-01 00:00:00,2037-01-01 23:59:59,"{""OpenGate"":true}",,,,,,,1779204613,3015
X677CC193,71/3,688,2025-01-01 00:00:00,2037-01-01 23:59:59,"{""OpenGate"":true}",,,,,,,1779204614,3617
X737KH193,60/2,324,2025-01-01 00:00:00,2037-01-01 23:59:59,"{""OpenGate"":true}",,,,,,,1779204614,3255
X776MB123,30/3,466,2025-01-01 00:00:00,2037-01-01 23:59:59,"{""OpenGate"":true}",,,,,,,1779204614,3397
X803XM193,16/1,515,2025-01-01 00:00:00,2037-01-01 23:59:59,"{""OpenGate"":true}",,,,,,,1779204614,3446
X804EX193,99/2,465,2025-01-01 00:00:00,2037-01-01 23:59:59,"{""OpenGate"":true}",,,,,,,1779204614,3396
X833PB193,84/1,198,2025-01-01 00:00:00,2037-01-01 23:59:59,"{""OpenGate"":true}",,,,,,,1779204613,3133
X851BH193,115/2,448,2025-01-01 00:00:00,2037-01-01 23:59:59,"{""OpenGate"":true}",,,,,,,1779204614,3379
X874OT193,5/2,641,2025-01-01 00:00:00,2037-01-01 23:59:59,"{""OpenGate"":true}",,,,,,,1779204614,3572
X908CC193,115/2,446,2025-01-01 00:00:00,2037-01-01 23:59:59,"{""OpenGate"":true}",,,,,,,1779204614,3377
X922BK193,42/3,75,2025-01-01 00:00:00,2037-01-01 23:59:59,"{""OpenGate"":true}",,,,,,,1779204613,3010
X929CC193,53/2,178,2025-01-01 00:00:00,2037-01-01 23:59:59,"{""OpenGate"":true}",,,,,,,1779204613,3113
X935MA193,6/1,137,2025-01-01 00:00:00,2037-01-01 23:59:59,"{""OpenGate"":true}",,,,,,,1779204613,3072
X947OC193,44/1,404,2025-01-01 00:00:00,2037-01-01 23:59:59,"{""OpenGate"":true}",,,,,,,1779204614,3335
X967EX123,64/3,269,2025-01-01 00:00:00,2037-01-01 23:59:59,"{""OpenGate"":true}",,,,,,,1779204614,3204
X971BX178,15_2,5272,2026-05-20 00:00:00,2037-01-01 23:59:59,"{""OpenGate"":true}",,,,, , ,1779270767,3710
y001ME93,71/3,588,2025-01-01 00:00:00,2037-01-01 23:59:59,"{""OpenGate"":true}",,,,,,,1779204614,3519
y001XA123,87/2,334,2025-01-01 00:00:00,2037-01-01 23:59:59,"{""OpenGate"":true}",,,,,,,1779204614,3265
y002EP23,107/2,165,2025-01-01 00:00:00,2037-01-01 23:59:59,"{""OpenGate"":true}",,,,,,,1779204613,3100
y023ME193,16/2,191,2025-01-01 00:00:00,2037-01-01 23:59:59,"{""OpenGate"":true}",,,,,,,1779204613,3126
y024BX142,77/2,61,2025-01-01 00:00:00,2037-01-01 23:59:59,"{""OpenGate"":true}",,,,,,,1779204613,2996
y025Py193,41/2,682,2025-01-01 00:00:00,2037-01-01 23:59:59,"{""OpenGate"":true}",,,,,,,1779204614,3611
y037Py23,104/2,479,2025-01-01 00:00:00,2037-01-01 23:59:59,"{""OpenGate"":true}",,,,,,,1779204614,3410
y090HE193,15/3,350,2025-01-01 00:00:00,2037-01-01 23:59:59,"{""OpenGate"":true}",,,,,,,1779204614,3281
y119MX193,99/2,250,2025-01-01 00:00:00,2037-01-01 23:59:59,"{""OpenGate"":true}",,,,,,,1779204614,3185
y137CK193,51/2,691,2025-01-01 00:00:00,2037-01-01 23:59:59,"{""OpenGate"":true}",,,,,,,1779204614,3620
y151XT72,109_2,5278,2026-05-20 00:00:00,2037-01-01 23:59:59,"{""OpenGate"":true}",,,,, , ,1779288737,3716
y204HT193,27/1,413,2025-01-01 00:00:00,2037-01-01 23:59:59,"{""OpenGate"":true}",,,,,,,1779204614,3344
y212KM123,73/1,353,2025-01-01 00:00:00,2037-01-01 23:59:59,"{""OpenGate"":true}",,,,,,,1779204614,3284
y266CK193,32/2,696,2025-01-01 00:00:00,2037-01-01 23:59:59,"{""OpenGate"":true}",,,,,,,1779204614,3625
y274MX193,60/2,327,2025-01-01 00:00:00,2037-01-01 23:59:59,"{""OpenGate"":true}",,,,,,,1779204614,3258
y285EK323,117/1,678,2025-01-01 00:00:00,2037-01-01 23:59:59,"{""OpenGate"":true}",,,,,,,1779204614,3607
y318EE193,77/2,62,2025-01-01 00:00:00,2037-01-01 23:59:59,"{""OpenGate"":true}",,,,,,,1779204613,2997
y338OH193,24/1,122,2025-01-01 00:00:00,2037-01-01 23:59:59,"{""OpenGate"":true}",,,,,,,1779204613,3057
y351Ey193,24/1,121,2025-01-01 00:00:00,2037-01-01 23:59:59,"{""OpenGate"":true}",,,,,,,1779204613,3056
y394yB93,101/1,435,2025-01-01 00:00:00,2037-01-01 23:59:59,"{""OpenGate"":true}",,,,,,,1779204614,3366
y408yM123,86/2,364,2025-01-01 00:00:00,2037-01-01 23:59:59,"{""OpenGate"":true}",,,,,,,1779204614,3295
y421XB123,106/1,317,2025-01-01 00:00:00,2037-01-01 23:59:59,"{""OpenGate"":true}",,,,,,,1779204614,3248
y432EC193,108/4,26,2025-01-01 00:00:00,2037-01-01 23:59:59,"{""OpenGate"":true}",,,,,,,1779204613,2961
y441BP193,63/1,399,2025-01-01 00:00:00,2037-01-01 23:59:59,"{""OpenGate"":true}",,,,,,,1779204614,3330
y445EC93,15/1,23,2025-01-01 00:00:00,2037-01-01 23:59:59,"{""OpenGate"":true}",,,,,,,1779204613,2958
y450My123,46/1,55,2025-01-01 00:00:00,2037-01-01 23:59:59,"{""OpenGate"":true}",,,,,,,1779204613,2990
y465EH193,108/1,199,2025-01-01 00:00:00,2037-01-01 23:59:59,"{""OpenGate"":true}",,,,,,,1779204613,3134
y466CE123,61/4,45,2025-01-01 00:00:00,2037-01-01 23:59:59,"{""OpenGate"":true}",,,,,,,1779204613,2980
y472PP31,1/2,702,2025-01-01 00:00:00,2037-01-01 23:59:59,"{""OpenGate"":true}",,,,,,,1779204614,3631
y486HX193,4/1,418,2025-01-01 00:00:00,2037-01-01 23:59:59,"{""OpenGate"":true}",,,,,,,1779204614,3349
y504CK193,85/1,701,2025-01-01 00:00:00,2037-01-01 23:59:59,"{""OpenGate"":true}",,,,,,,1779204614,3630
y555BB193,18/2,266,2025-01-01 00:00:00,2037-01-01 23:59:59,"{""OpenGate"":true}",,,,,,,1779204614,3201
y562yy01,38/3,186,2025-01-01 00:00:00,2037-01-01 23:59:59,"{""OpenGate"":true}",,,,,,,1779204613,3121
y564OT123,109/4,63,2025-01-01 00:00:00,2037-01-01 23:59:59,"{""OpenGate"":true}",,,,,,,1779204613,2998
y574TX123,18/1,593,2025-01-01 00:00:00,2037-01-01 23:59:59,"{""OpenGate"":true}",,,,,,,1779204614,3524
y574Ty193,25/1,25,2025-01-01 00:00:00,2037-01-01 23:59:59,"{""OpenGate"":true}",,,,,,,1779204613,2960
y591BE193,76/4,312,2025-01-01 00:00:00,2037-01-01 23:59:59,"{""OpenGate"":true}",,,,,,,1779204614,3243
y617MM123,400/1,602,2025-01-01 00:00:00,2037-01-01 23:59:59,"{""OpenGate"":true}",,,,,,,1779204614,3533
y647TX93,97/2,155,2025-01-01 00:00:00,2037-01-01 23:59:59,"{""OpenGate"":true}",,,,,,,1779204613,3090
y683TM193,14/1,521,2025-01-01 00:00:00,2037-01-01 23:59:59,"{""OpenGate"":true}",,,,,,,1779204614,3452
y690MH193,17/4,64,2025-01-01 00:00:00,2037-01-01 23:59:59,"{""OpenGate"":true}",,,,,,,1779204613,2999
y711HM93,62/3,280,2025-01-01 00:00:00,2037-01-01 23:59:59,"{""OpenGate"":true}",,,,,,,1779204614,3215
y720My193,9/2,208,2025-01-01 00:00:00,2037-01-01 23:59:59,"{""OpenGate"":true}",,,,,,,1779204613,3143
y727XK72,75/3,101,2025-01-01 00:00:00,2037-01-01 23:59:59,"{""OpenGate"":true}",,,,,,,1779204613,3036
y729PA193,29/2,679,2025-01-01 00:00:00,2037-01-01 23:59:59,"{""OpenGate"":true}",,,,,,,1779204614,3608
y729PB193,32/2,10,2025-01-01 00:00:00,2037-01-01 23:59:59,"{""OpenGate"":true}",,,,,,,1779204613,2945
y761HH193,109/3,27,2025-01-01 00:00:00,2037-01-01 23:59:59,"{""OpenGate"":true}",,,,,,,1779204613,2962
y777MT93,118/1,728,2025-01-01 00:00:00,2037-01-01 23:59:59,"{""OpenGate"":true}",,,,,,,1779204614,3657
y799PB93,40/1,341,2025-01-01 00:00:00,2037-01-01 23:59:59,"{""OpenGate"":true}",,,,,,,1779204614,3272
y834HK193,112/2,519,2025-01-01 00:00:00,2037-01-01 23:59:59,"{""OpenGate"":true}",,,,,,,1779204614,3450
y859HM123,97/4,726,2025-01-01 00:00:00,2037-01-01 23:59:59,"{""OpenGate"":true}",,,,,,,1779204614,3655
y863OM193,5/1,107,2025-01-01 00:00:00,2037-01-01 23:59:59,"{""OpenGate"":true}",,,,,,,1779204613,3042
y872CC123,48/3,471,2025-01-01 00:00:00,2037-01-01 23:59:59,"{""OpenGate"":true}",,,,,,,1779204614,3402
y878PA193,77/1,687,2025-01-01 00:00:00,2037-01-01 23:59:59,"{""OpenGate"":true}",,,,,,,1779204614,3616
y891Ky180,20/4,731,2025-01-01 00:00:00,2037-01-01 23:59:59,"{""OpenGate"":true}",,,,,,,1779204614,3660
y953KM193,87/2,335,2025-01-01 00:00:00,2037-01-01 23:59:59,"{""OpenGate"":true}",,,,,,,1779204614,3266
y953MX193,18/4,698,2025-01-01 00:00:00,2037-01-01 23:59:59,"{""OpenGate"":true}",,,,,,,1779204614,3627
y999TE62,86/1,300,2025-01-01 00:00:00,2037-01-01 23:59:59,"{""OpenGate"":true}",,,,,,,1779204614,3231
